{
  "iri": "d54a372a-b13d-479f-b8d8-2ce4c9a06b25/6c88e100-c7d2-4009-81d3-2760026bbfa3/54b60737-a241-441c-a339-70867389c4d6/87ae8f22-4aa8-46cf-a701-4b311be88253",
  "types": [
    "https://dataspecer.com/core/model-descriptor/pim-store-wrapper"
  ],
  "userMetadata": {
    "documentBaseUrl": "https://datagov-cz.github.io/cache-slovniku/time.ttl",
    "label": {
      "en": "time"
    }
  },
  "metadata": {
    "creationDate": "2025-06-24T12:02:24.229Z",
    "modificationDate": "2025-08-05T15:37:29.603Z"
  },
  "_version": 1,
  "_exportVersion": 1,
  "_exportedAt": "2025-08-05T15:40:36.966Z",
  "_exportedBy": "http://localhost:3100"
}