{
  "iri": "d54a372a-b13d-479f-b8d8-2ce4c9a06b25/6c88e100-c7d2-4009-81d3-2760026bbfa3/54b60737-a241-441c-a339-70867389c4d6/f6b379b8-6829-481a-82da-5ead001d6080",
  "types": [
    "https://dataspecer.com/core/model-descriptor/pim-store-wrapper"
  ],
  "userMetadata": {
    "documentBaseUrl": "https://www.dublincore.org/specifications/dublin-core/dcmi-terms/dublin_core_terms.ttl",
    "label": {
      "en": "dublin_core_terms"
    }
  },
  "metadata": {
    "creationDate": "2025-06-24T12:02:23.598Z",
    "modificationDate": "2025-07-28T14:34:58.225Z"
  },
  "_version": 1,
  "_exportVersion": 1,
  "_exportedAt": "2025-07-28T15:12:03.914Z",
  "_exportedBy": "http://localhost:3100"
}