{
  "iri": "d54a372a-b13d-479f-b8d8-2ce4c9a06b25/6c88e100-c7d2-4009-81d3-2760026bbfa3/54b60737-a241-441c-a339-70867389c4d6/profile",
  "types": [
    "http://dataspecer.com/resources/local/semantic-model"
  ],
  "userMetadata": {
    "label": {
      "en": "DCAT 3 Default Application Profile"
    },
    "documentBaseUrl": "https://mff-uk.github.io/specifications/dcat-dap/"
  },
  "metadata": {
    "creationDate": "2025-06-24T12:02:27.751Z",
    "modificationDate": "2025-06-30T09:32:33.736Z"
  },
  "_version": 1,
  "_exportVersion": 1,
  "_exportedAt": "2025-07-17T08:12:52.708Z",
  "_exportedBy": "http://localhost:3100"
}