{
  "iri": "d54a372a-b13d-479f-b8d8-2ce4c9a06b25/4897bdbd-3b53-4d8c-8b64-2b064a4e9783",
  "types": [
    "http://dataspecer.com/resources/local/package"
  ],
  "userMetadata": {
    "label": {
      "en": "Czech Core Metadata Vocabulary"
    },
    "description": {},
    "importedFromUrl": "https://techlib.github.io/CCMM-V/en/",
    "documentBaseUrl": "https://techlib.github.io/CCMM-V/en/"
  },
  "metadata": {
    "creationDate": "2025-07-17T08:30:43.142Z",
    "modificationDate": "2025-08-05T15:39:37.522Z"
  },
  "_version": 1,
  "_exportVersion": 1,
  "_exportedAt": "2025-08-05T15:40:37.109Z",
  "_exportedBy": "http://localhost:3100"
}