{
  "iri": "d54a372a-b13d-479f-b8d8-2ce4c9a06b25/4897bdbd-3b53-4d8c-8b64-2b064a4e9783/0d1e570a-3bd2-4d3d-bcb4-0678e53de2e7",
  "types": [
    "https://dataspecer.com/core/model-descriptor/pim-store-wrapper"
  ],
  "userMetadata": {
    "documentBaseUrl": "https://www.w3.org/ns/dcat3.ttl",
    "label": {
      "en": "dcat3"
    }
  },
  "metadata": {
    "creationDate": "2025-07-17T08:30:44.706Z",
    "modificationDate": "2025-08-05T15:37:27.915Z"
  },
  "_version": 1,
  "_exportVersion": 1,
  "_exportedAt": "2025-08-05T15:40:37.069Z",
  "_exportedBy": "http://localhost:3100"
}