{
  "iri": "d54a372a-b13d-479f-b8d8-2ce4c9a06b25/4897bdbd-3b53-4d8c-8b64-2b064a4e9783/0ef068a7-58f9-4d11-81a0-69c04c792159",
  "types": [
    "https://dataspecer.com/core/model-descriptor/pim-store-wrapper"
  ],
  "userMetadata": {
    "documentBaseUrl": "https://michalmed.github.io/DataCite/en/model.owl.ttl",
    "label": {
      "en": "model"
    }
  },
  "metadata": {
    "creationDate": "2025-07-17T08:30:48.048Z",
    "modificationDate": "2025-07-25T13:33:39.574Z"
  },
  "_version": 1,
  "_exportVersion": 1,
  "_exportedAt": "2025-07-25T13:35:43.642Z",
  "_exportedBy": "http://localhost:3100"
}