{
  "iri": "d54a372a-b13d-479f-b8d8-2ce4c9a06b25/4897bdbd-3b53-4d8c-8b64-2b064a4e9783/24231f17-73db-4846-8ae3-9090dfcbe360",
  "types": [
    "https://dataspecer.com/core/model-descriptor/pim-store-wrapper"
  ],
  "userMetadata": {
    "documentBaseUrl": "https://datagov-cz.github.io/cache-slovniku/skos.rdf",
    "label": {
      "en": "skos"
    }
  },
  "metadata": {
    "creationDate": "2025-07-17T08:30:49.422Z",
    "modificationDate": "2025-08-05T15:39:37.191Z"
  },
  "_version": 1,
  "_exportVersion": 1,
  "_exportedAt": "2025-08-05T15:40:37.105Z",
  "_exportedBy": "http://localhost:3100"
}