{
  "iri": "d54a372a-b13d-479f-b8d8-2ce4c9a06b25/4897bdbd-3b53-4d8c-8b64-2b064a4e9783/6a535991-3062-4964-85cb-91bf1c3287c3",
  "types": [
    "https://dataspecer.com/core/model-descriptor/pim-store-wrapper"
  ],
  "userMetadata": {
    "documentBaseUrl": "https://www.dublincore.org/specifications/dublin-core/dcmi-terms/dublin_core_terms.ttl",
    "label": {
      "en": "dublin_core_terms"
    }
  },
  "metadata": {
    "creationDate": "2025-07-17T08:30:46.281Z",
    "modificationDate": "2025-08-05T16:02:11.279Z"
  },
  "_version": 1,
  "_exportVersion": 1,
  "_exportedAt": "2025-08-05T16:03:58.795Z",
  "_exportedBy": "http://localhost:3100"
}