{
  "iri": "d54a372a-b13d-479f-b8d8-2ce4c9a06b25/4897bdbd-3b53-4d8c-8b64-2b064a4e9783/8eba4d47-c956-4c30-b7c4-ae5e434c73de",
  "types": [
    "https://dataspecer.com/core/model-descriptor/pim-store-wrapper"
  ],
  "userMetadata": {
    "documentBaseUrl": "https://semiceu.github.io/DCAT-AP/r5r/releases/3.0.0/voc/r5r.jsonld",
    "label": {
      "en": "r5r"
    }
  },
  "metadata": {
    "creationDate": "2025-07-17T08:30:45.900Z",
    "modificationDate": "2025-07-25T13:33:39.747Z"
  },
  "_version": 1,
  "_exportVersion": 1,
  "_exportedAt": "2025-07-25T13:35:43.635Z",
  "_exportedBy": "http://localhost:3100"
}