{
  "iri": "d54a372a-b13d-479f-b8d8-2ce4c9a06b25/4897bdbd-3b53-4d8c-8b64-2b064a4e9783/a3e92d5f-893f-43bd-ba8d-9b56aacd7b26",
  "types": [
    "https://dataspecer.com/core/model-descriptor/pim-store-wrapper"
  ],
  "userMetadata": {
    "documentBaseUrl": "https://www.w3.org/ns/prov.ttl",
    "label": {
      "en": "prov"
    }
  },
  "metadata": {
    "creationDate": "2025-07-17T08:30:47.124Z",
    "modificationDate": "2025-08-05T16:02:11.278Z"
  },
  "_version": 1,
  "_exportVersion": 1,
  "_exportedAt": "2025-08-05T16:03:58.800Z",
  "_exportedBy": "http://localhost:3100"
}