{
  "iri": "084a7ed9-d8a3-4f78-81b4-d4cffbb1ed81",
  "types": [
    "http://dataspecer.com/resources/v1/psm"
  ],
  "userMetadata": {
    "label": {
      "en": "Identifier scheme",
      "cs": "Identifier scheme"
    },
    "description": {
      "en": "Data structure for Identifier scheme. Scheme in which is the identifier value unique, usually representing some authority. Identifier scheme shall always be represented as IRI identifier.",
      "cs": "Datová struktura pro Identifier scheme. Scheme in which is the identifier value unique, usually representing some authority. Identifier scheme shall always be represented as IRI identifier."
    }
  },
  "metadata": {
    "creationDate": "2025-06-24T12:02:21.332Z",
    "modificationDate": "2025-07-28T14:34:55.621Z"
  },
  "_version": 1,
  "_exportVersion": 1,
  "_exportedAt": "2025-07-28T15:12:03.901Z",
  "_exportedBy": "http://localhost:3100"
}