{
  "operations": [
    {
      "types": [
        "core-operation",
        "https://ofn.gov.cz/slovník/psm/CreateClass"
      ],
      "iri": "https://ofn.gov.cz/operation/1742288763166-0922-66f0-a70d",
      "parent": null,
      "dataPsmNewIri": null,
      "dataPsmInterpretation": "n3jv2kwxazm7xgoay1",
      "dataPsmTechnicalLabel": "provenance_statement",
      "dataPsmHumanLabel": null,
      "dataPsmHumanDescription": null,
      "dataPsmExtends": [],
      "dataPsmIsClosed": null
    },
    {
      "types": [
        "core-operation",
        "https://ofn.gov.cz/slovník/psm/SetRoots"
      ],
      "iri": "https://ofn.gov.cz/operation/1742288763199-ce5f-ab5b-9d63",
      "parent": "https://ofn.gov.cz/operation/1742288763166-0922-66f0-a70d",
      "dataPsmRoots": [
        "https://ofn.gov.cz/class/1742288763165-c843-1e73-9f91"
      ]
    },
    {
      "types": [
        "core-operation",
        "https://ofn.gov.cz/slovník/psm/SetHumanLabel"
      ],
      "iri": "https://ofn.gov.cz/operation/1742288763226-007c-6e6a-9cde",
      "parent": "https://ofn.gov.cz/operation/1742288763199-ce5f-ab5b-9d63",
      "dataPsmResource": "16cf6a9e-b46d-4ece-9c91-91f53a19cec9",
      "dataPsmHumanLabel": {
        "cs": "Provenance Statement",
        "en": "Provenance Statement"
      }
    },
    {
      "types": [
        "core-operation",
        "https://ofn.gov.cz/slovník/psm/SetHumanDescription"
      ],
      "iri": "https://ofn.gov.cz/operation/1742288763262-593d-b637-90ea",
      "parent": "https://ofn.gov.cz/operation/1742288763226-007c-6e6a-9cde",
      "dataPsmResource": "16cf6a9e-b46d-4ece-9c91-91f53a19cec9",
      "dataPsmHumanDescription": {
        "cs": "Datová struktura pro Provenance Statement. Any changes in ownership and custody of a resource since its creation that are significant for its authenticity, integrity, and interpretation.",
        "en": "Data structure for Provenance Statement. Any changes in ownership and custody of a resource since its creation that are significant for its authenticity, integrity, and interpretation."
      }
    },
    {
      "types": [
        "core-operation",
        "https://ofn.gov.cz/slovník/psm/CreateAttribute"
      ],
      "iri": "https://ofn.gov.cz/operation/1742339973158-bece-e053-88fc",
      "parent": "https://ofn.gov.cz/operation/1742288763262-593d-b637-90ea",
      "dataPsmNewIri": null,
      "dataPsmInterpretation": "p2htyxl6ybm8f23pg0",
      "dataPsmTechnicalLabel": "label",
      "dataPsmHumanLabel": null,
      "dataPsmHumanDescription": null,
      "dataPsmOwner": "https://ofn.gov.cz/class/1742288763165-c843-1e73-9f91",
      "dataPsmDatatype": "http://www.w3.org/1999/02/22-rdf-syntax-ns#langString"
    },
    {
      "types": [
        "core-operation",
        "https://ofn.gov.cz/slovník/psm/SetInstancesHaveIdentity"
      ],
      "iri": "https://ofn.gov.cz/operation/1750770344588-f43c-79d4-85ed",
      "parent": "https://ofn.gov.cz/operation/1742339973158-bece-e053-88fc",
      "dataPsmClass": "https://ofn.gov.cz/class/1742288763165-c843-1e73-9f91",
      "instancesHaveIdentity": "ALWAYS"
    },
    {
      "types": [
        "core-operation",
        "https://ofn.gov.cz/slovník/psm/SetJsonEnforceContext"
      ],
      "iri": "https://ofn.gov.cz/operation/1751275985603-d832-2559-a1fa",
      "parent": "https://ofn.gov.cz/operation/1750770344588-f43c-79d4-85ed",
      "dataPsmEntity": "16cf6a9e-b46d-4ece-9c91-91f53a19cec9",
      "jsonEnforceContext": "no"
    },
    {
      "types": [
        "core-operation",
        "https://ofn.gov.cz/slovník/psm/SetInstancesHaveIdentity"
      ],
      "iri": "https://ofn.gov.cz/operation/1751276177560-7886-8a7e-9c3c",
      "parent": "https://ofn.gov.cz/operation/1751275985603-d832-2559-a1fa",
      "dataPsmClass": "https://ofn.gov.cz/class/1742288763165-c843-1e73-9f91"
    }
  ],
  "resources": {
    "16cf6a9e-b46d-4ece-9c91-91f53a19cec9": {
      "types": [
        "https://ofn.gov.cz/slovník/psm/Schema"
      ],
      "iri": "16cf6a9e-b46d-4ece-9c91-91f53a19cec9",
      "dataPsmHumanLabel": {
        "cs": "Provenance Statement",
        "en": "Provenance Statement"
      },
      "dataPsmHumanDescription": {
        "cs": "Datová struktura pro Provenance Statement. Any changes in ownership and custody of a resource since its creation that are significant for its authenticity, integrity, and interpretation.",
        "en": "Data structure for Provenance Statement. Any changes in ownership and custody of a resource since its creation that are significant for its authenticity, integrity, and interpretation."
      },
      "dataPsmTechnicalLabel": null,
      "dataPsmRoots": [
        "https://ofn.gov.cz/class/1742288763165-c843-1e73-9f91"
      ],
      "dataPsmParts": [
        "https://ofn.gov.cz/class/1742288763165-c843-1e73-9f91",
        "https://ofn.gov.cz/attribute/1742339973158-a520-504a-83ed"
      ],
      "jsonEnforceContext": "no"
    },
    "https://ofn.gov.cz/class/1742288763165-c843-1e73-9f91": {
      "types": [
        "https://ofn.gov.cz/slovník/psm/Class"
      ],
      "iri": "https://ofn.gov.cz/class/1742288763165-c843-1e73-9f91",
      "dataPsmHumanLabel": null,
      "dataPsmHumanDescription": null,
      "dataPsmTechnicalLabel": "provenance_statement",
      "dataPsmInterpretation": "n3jv2kwxazm7xgoay1",
      "dataPsmExtends": [],
      "dataPsmParts": [
        "https://ofn.gov.cz/attribute/1742339973158-a520-504a-83ed"
      ],
      "dataPsmIsClosed": null
    },
    "https://ofn.gov.cz/attribute/1742339973158-a520-504a-83ed": {
      "types": [
        "https://ofn.gov.cz/slovník/psm/Attribute"
      ],
      "iri": "https://ofn.gov.cz/attribute/1742339973158-a520-504a-83ed",
      "dataPsmHumanLabel": null,
      "dataPsmHumanDescription": null,
      "dataPsmTechnicalLabel": "label",
      "dataPsmInterpretation": "p2htyxl6ybm8f23pg0",
      "dataPsmDatatype": "http://www.w3.org/1999/02/22-rdf-syntax-ns#langString"
    }
  }
}