{
  "iri": "1b7a3259-4b7d-4b29-8617-80c185f6ca28",
  "types": [
    "http://dataspecer.com/resources/v1/psm"
  ],
  "userMetadata": {
    "label": {
      "cs": "Terms of use",
      "en": "Terms of use"
    },
    "description": {
      "cs": "Datová struktura pro Terms of use. Terms of use defines overall conditions and rights regarding access and usage  of dataset. ",
      "en": "Data structure for Terms of use. Terms of use defines overall conditions and rights regarding access and usage  of dataset. "
    }
  },
  "metadata": {
    "creationDate": "2025-06-24T12:02:13.988Z",
    "modificationDate": "2025-07-28T14:34:53.656Z"
  },
  "_version": 1,
  "_exportVersion": 1,
  "_exportedAt": "2025-07-28T15:12:03.870Z",
  "_exportedBy": "http://localhost:3100"
}