{
  "iri": "2b3aa148-1ba5-4eb9-a531-0dbf18beebdc",
  "types": [
    "http://dataspecer.com/resources/v1/psm"
  ],
  "userMetadata": {
    "label": {
      "cs": "Media Type",
      "en": "Media Type"
    },
    "description": {
      "cs": "Datová struktura pro Media Type. A file format or physical medium.",
      "en": "Data structure for Media Type. A file format or physical medium."
    }
  },
  "metadata": {
    "creationDate": "2025-06-24T12:02:14.936Z",
    "modificationDate": "2025-07-25T13:34:31.373Z"
  },
  "_version": 1,
  "_exportVersion": 1,
  "_exportedAt": "2025-07-25T13:35:43.547Z",
  "_exportedBy": "http://localhost:3100"
}