{
  "operations": [
    {
      "types": [
        "core-operation",
        "https://ofn.gov.cz/slovník/psm/CreateClass"
      ],
      "iri": "https://ofn.gov.cz/operation/1747640270910-abf6-60fa-a4b3",
      "parent": null,
      "dataPsmNewIri": null,
      "dataPsmInterpretation": "xu3qtxuvps9maurps32",
      "dataPsmTechnicalLabel": "license_document",
      "dataPsmHumanLabel": null,
      "dataPsmHumanDescription": null,
      "dataPsmExtends": [],
      "dataPsmIsClosed": null
    },
    {
      "types": [
        "core-operation",
        "https://ofn.gov.cz/slovník/psm/SetRoots"
      ],
      "iri": "https://ofn.gov.cz/operation/1747640270938-a532-a844-bcaf",
      "parent": "https://ofn.gov.cz/operation/1747640270910-abf6-60fa-a4b3",
      "dataPsmRoots": [
        "https://ofn.gov.cz/class/1747640270910-1022-e495-9645"
      ]
    },
    {
      "types": [
        "core-operation",
        "https://ofn.gov.cz/slovník/psm/SetHumanLabel"
      ],
      "iri": "https://ofn.gov.cz/operation/1747640270965-f533-6775-8096",
      "parent": "https://ofn.gov.cz/operation/1747640270938-a532-a844-bcaf",
      "dataPsmResource": "2fea9b2a-6741-4b89-9438-99181dc0c6f9",
      "dataPsmHumanLabel": {
        "en": "License Document",
        "cs": "License Document"
      }
    },
    {
      "types": [
        "core-operation",
        "https://ofn.gov.cz/slovník/psm/SetHumanDescription"
      ],
      "iri": "https://ofn.gov.cz/operation/1747640270999-5018-20e6-a4d9",
      "parent": "https://ofn.gov.cz/operation/1747640270965-f533-6775-8096",
      "dataPsmResource": "2fea9b2a-6741-4b89-9438-99181dc0c6f9",
      "dataPsmHumanDescription": {
        "en": "Data structure for License Document. A legal document giving official permission to do something with a resource.",
        "cs": "Datová struktura pro License Document. A legal document giving official permission to do something with a resource."
      }
    },
    {
      "types": [
        "core-operation",
        "https://ofn.gov.cz/slovník/psm/CreateAttribute"
      ],
      "iri": "https://ofn.gov.cz/operation/1747640274973-b645-b29f-873a",
      "parent": "https://ofn.gov.cz/operation/1747640270999-5018-20e6-a4d9",
      "dataPsmNewIri": null,
      "dataPsmInterpretation": "ge6sp0vfasmaurqym2",
      "dataPsmTechnicalLabel": "label",
      "dataPsmHumanLabel": null,
      "dataPsmHumanDescription": null,
      "dataPsmOwner": "https://ofn.gov.cz/class/1747640270910-1022-e495-9645",
      "dataPsmDatatype": "http://www.w3.org/1999/02/22-rdf-syntax-ns#langString"
    },
    {
      "types": [
        "core-operation",
        "https://ofn.gov.cz/slovník/psm/SetInstancesHaveIdentity"
      ],
      "iri": "https://ofn.gov.cz/operation/1750770790845-daab-a13d-b319",
      "parent": "https://ofn.gov.cz/operation/1747640274973-b645-b29f-873a",
      "dataPsmClass": "https://ofn.gov.cz/class/1747640270910-1022-e495-9645",
      "instancesHaveIdentity": "ALWAYS"
    },
    {
      "types": [
        "core-operation",
        "https://ofn.gov.cz/slovník/psm/SetJsonEnforceContext"
      ],
      "iri": "https://ofn.gov.cz/operation/1751272131565-376d-f65f-8e1f",
      "parent": "https://ofn.gov.cz/operation/1750770790845-daab-a13d-b319",
      "dataPsmEntity": "2fea9b2a-6741-4b89-9438-99181dc0c6f9",
      "jsonEnforceContext": "no"
    }
  ],
  "resources": {
    "2fea9b2a-6741-4b89-9438-99181dc0c6f9": {
      "types": [
        "https://ofn.gov.cz/slovník/psm/Schema"
      ],
      "iri": "2fea9b2a-6741-4b89-9438-99181dc0c6f9",
      "dataPsmHumanLabel": {
        "en": "License Document",
        "cs": "License Document"
      },
      "dataPsmHumanDescription": {
        "en": "Data structure for License Document. A legal document giving official permission to do something with a resource.",
        "cs": "Datová struktura pro License Document. A legal document giving official permission to do something with a resource."
      },
      "dataPsmTechnicalLabel": null,
      "dataPsmRoots": [
        "https://ofn.gov.cz/class/1747640270910-1022-e495-9645"
      ],
      "dataPsmParts": [
        "https://ofn.gov.cz/class/1747640270910-1022-e495-9645",
        "https://ofn.gov.cz/attribute/1747640274972-0915-2fc8-b8d3"
      ],
      "jsonEnforceContext": "no"
    },
    "https://ofn.gov.cz/class/1747640270910-1022-e495-9645": {
      "types": [
        "https://ofn.gov.cz/slovník/psm/Class"
      ],
      "iri": "https://ofn.gov.cz/class/1747640270910-1022-e495-9645",
      "dataPsmHumanLabel": null,
      "dataPsmHumanDescription": null,
      "dataPsmTechnicalLabel": "license_document",
      "dataPsmInterpretation": "xu3qtxuvps9maurps32",
      "dataPsmExtends": [],
      "dataPsmParts": [
        "https://ofn.gov.cz/attribute/1747640274972-0915-2fc8-b8d3"
      ],
      "dataPsmIsClosed": null,
      "instancesHaveIdentity": "ALWAYS"
    },
    "https://ofn.gov.cz/attribute/1747640274972-0915-2fc8-b8d3": {
      "types": [
        "https://ofn.gov.cz/slovník/psm/Attribute"
      ],
      "iri": "https://ofn.gov.cz/attribute/1747640274972-0915-2fc8-b8d3",
      "dataPsmHumanLabel": null,
      "dataPsmHumanDescription": null,
      "dataPsmTechnicalLabel": "label",
      "dataPsmInterpretation": "ge6sp0vfasmaurqym2",
      "dataPsmDatatype": "http://www.w3.org/1999/02/22-rdf-syntax-ns#langString"
    }
  }
}