{
  "iri": "39c6cf99-ac66-4d0c-bbcc-129ac6daeccb",
  "types": [
    "http://dataspecer.com/resources/v1/psm"
  ],
  "userMetadata": {
    "label": {
      "cs": "Documentation",
      "en": "Documentation"
    },
    "description": {
      "cs": "Datová struktura pro Documentation. A textual resource intended for human consumption that contains information about the data service.",
      "en": "Data structure for Documentation. A textual resource intended for human consumption that contains information about the data service."
    }
  },
  "metadata": {
    "creationDate": "2025-06-24T12:02:18.100Z",
    "modificationDate": "2025-07-28T14:34:54.731Z"
  },
  "_version": 1,
  "_exportVersion": 1,
  "_exportedAt": "2025-07-28T15:12:03.890Z",
  "_exportedBy": "http://localhost:3100"
}