{
  "operations": [
    {
      "types": [
        "core-operation",
        "https://ofn.gov.cz/slovník/psm/CreateClass"
      ],
      "iri": "https://ofn.gov.cz/operation/1751275312174-78d5-7708-aea2",
      "parent": null,
      "dataPsmNewIri": null,
      "dataPsmInterpretation": "q3ohhj045mcivy17e",
      "dataPsmTechnicalLabel": "description_type",
      "dataPsmHumanLabel": null,
      "dataPsmHumanDescription": null,
      "dataPsmExtends": [],
      "dataPsmIsClosed": null
    },
    {
      "types": [
        "core-operation",
        "https://ofn.gov.cz/slovník/psm/SetRoots"
      ],
      "iri": "https://ofn.gov.cz/operation/1751275312192-266e-3686-9583",
      "parent": "https://ofn.gov.cz/operation/1751275312174-78d5-7708-aea2",
      "dataPsmRoots": [
        "https://ofn.gov.cz/class/1751275312174-1970-347c-b68a"
      ]
    },
    {
      "types": [
        "core-operation",
        "https://ofn.gov.cz/slovník/psm/SetHumanLabel"
      ],
      "iri": "https://ofn.gov.cz/operation/1751275312209-4945-b3d2-863a",
      "parent": "https://ofn.gov.cz/operation/1751275312192-266e-3686-9583",
      "dataPsmResource": "45f5c6ef-338b-46df-bcae-e5535e444282",
      "dataPsmHumanLabel": {
        "en": "Description type",
        "cs": "Description type"
      }
    },
    {
      "types": [
        "core-operation",
        "https://ofn.gov.cz/slovník/psm/SetHumanDescription"
      ],
      "iri": "https://ofn.gov.cz/operation/1751275312227-b858-3470-96b0",
      "parent": "https://ofn.gov.cz/operation/1751275312209-4945-b3d2-863a",
      "dataPsmResource": "45f5c6ef-338b-46df-bcae-e5535e444282",
      "dataPsmHumanDescription": {
        "en": "Data structure for Description type. The type of the description.",
        "cs": "Datová struktura pro Description type. The type of the description."
      }
    },
    {
      "types": [
        "core-operation",
        "https://ofn.gov.cz/slovník/psm/CreateAttribute"
      ],
      "iri": "https://ofn.gov.cz/operation/1751275316313-b195-c1cd-9eb1",
      "parent": "https://ofn.gov.cz/operation/1751275312227-b858-3470-96b0",
      "dataPsmNewIri": null,
      "dataPsmInterpretation": "kmmfln4kyrbmciw28du",
      "dataPsmTechnicalLabel": "label",
      "dataPsmHumanLabel": null,
      "dataPsmHumanDescription": null,
      "dataPsmOwner": "https://ofn.gov.cz/class/1751275312174-1970-347c-b68a",
      "dataPsmDatatype": "http://www.w3.org/2000/01/rdf-schema#Literal"
    },
    {
      "types": [
        "core-operation",
        "https://ofn.gov.cz/slovník/psm/SetJsonEnforceContext"
      ],
      "iri": "https://ofn.gov.cz/operation/1751275331653-4c41-33ef-a1ed",
      "parent": "https://ofn.gov.cz/operation/1751275316313-b195-c1cd-9eb1",
      "dataPsmEntity": "45f5c6ef-338b-46df-bcae-e5535e444282",
      "jsonEnforceContext": "no"
    },
    {
      "types": [
        "core-operation",
        "https://ofn.gov.cz/slovník/psm/SetDataType"
      ],
      "iri": "https://ofn.gov.cz/operation/1751275380804-299c-61c3-b41d",
      "parent": "https://ofn.gov.cz/operation/1751275331653-4c41-33ef-a1ed",
      "dataPsmAttribute": "https://ofn.gov.cz/attribute/1751275316313-5acf-8cb8-866a",
      "dataPsmDatatype": "http://www.w3.org/2001/XMLSchema#string"
    },
    {
      "types": [
        "core-operation",
        "https://ofn.gov.cz/slovník/psm/extensions/xml/setNamespace"
      ],
      "iri": "https://ofn.gov.cz/operation/1753449311048-bc32-ba5b-8e91",
      "parent": "https://ofn.gov.cz/operation/1751275380804-299c-61c3-b41d",
      "dataPsmSchema": "45f5c6ef-338b-46df-bcae-e5535e444282",
      "namespace": "https://schema.ccmm.cz/description-type",
      "namespacePrefix": "ccmm-desc-type"
    },
    {
      "types": [
        "core-operation",
        "https://ofn.gov.cz/slovník/psm/extensions/xml/setNamespace"
      ],
      "iri": "https://ofn.gov.cz/operation/1754378615840-22d8-35f4-9ba3",
      "parent": "https://ofn.gov.cz/operation/1753449311048-bc32-ba5b-8e91",
      "dataPsmSchema": "45f5c6ef-338b-46df-bcae-e5535e444282",
      "namespace": "https://schema.ccmm.cz/research-data/1.0.0",
      "namespacePrefix": "ccmm"
    },
    {
      "types": [
        "core-operation",
        "https://ofn.gov.cz/slovník/psm/extensions/xml/setNamespace"
      ],
      "iri": "https://ofn.gov.cz/operation/1754408373778-d95c-66aa-a74b",
      "parent": "https://ofn.gov.cz/operation/1754378615840-22d8-35f4-9ba3",
      "dataPsmSchema": "45f5c6ef-338b-46df-bcae-e5535e444282",
      "namespace": "https://schema.ccmm.cz/research-data/1.0",
      "namespacePrefix": "ccmm"
    }
  ],
  "resources": {
    "45f5c6ef-338b-46df-bcae-e5535e444282": {
      "types": [
        "https://ofn.gov.cz/slovník/psm/Schema"
      ],
      "iri": "45f5c6ef-338b-46df-bcae-e5535e444282",
      "dataPsmHumanLabel": {
        "en": "Description type",
        "cs": "Description type"
      },
      "dataPsmHumanDescription": {
        "en": "Data structure for Description type. The type of the description.",
        "cs": "Datová struktura pro Description type. The type of the description."
      },
      "dataPsmTechnicalLabel": null,
      "dataPsmRoots": [
        "https://ofn.gov.cz/class/1751275312174-1970-347c-b68a"
      ],
      "dataPsmParts": [
        "https://ofn.gov.cz/class/1751275312174-1970-347c-b68a",
        "https://ofn.gov.cz/attribute/1751275316313-5acf-8cb8-866a"
      ],
      "jsonEnforceContext": "no",
      "extensions": {
        "https://ofn.gov.cz/slovník/psm/extensions/xml": {
          "namespace": "https://schema.ccmm.cz/research-data/1.0",
          "namespacePrefix": "ccmm"
        }
      }
    },
    "https://ofn.gov.cz/class/1751275312174-1970-347c-b68a": {
      "types": [
        "https://ofn.gov.cz/slovník/psm/Class"
      ],
      "iri": "https://ofn.gov.cz/class/1751275312174-1970-347c-b68a",
      "dataPsmHumanLabel": null,
      "dataPsmHumanDescription": null,
      "dataPsmTechnicalLabel": "description_type",
      "dataPsmInterpretation": "q3ohhj045mcivy17e",
      "dataPsmExtends": [],
      "dataPsmParts": [
        "https://ofn.gov.cz/attribute/1751275316313-5acf-8cb8-866a"
      ],
      "dataPsmIsClosed": null
    },
    "https://ofn.gov.cz/attribute/1751275316313-5acf-8cb8-866a": {
      "types": [
        "https://ofn.gov.cz/slovník/psm/Attribute"
      ],
      "iri": "https://ofn.gov.cz/attribute/1751275316313-5acf-8cb8-866a",
      "dataPsmHumanLabel": null,
      "dataPsmHumanDescription": null,
      "dataPsmTechnicalLabel": "label",
      "dataPsmInterpretation": "kmmfln4kyrbmciw28du",
      "dataPsmDatatype": "http://www.w3.org/2001/XMLSchema#string"
    }
  }
}