{
  "operations": [
    {
      "types": [
        "core-operation",
        "https://ofn.gov.cz/slovník/psm/CreateClass"
      ],
      "iri": "https://ofn.gov.cz/operation/1742288876710-5a75-4dea-8ad3",
      "parent": null,
      "dataPsmNewIri": null,
      "dataPsmInterpretation": "e9sinvm4dgrm7yljpo4",
      "dataPsmTechnicalLabel": "media_type",
      "dataPsmHumanLabel": null,
      "dataPsmHumanDescription": null,
      "dataPsmExtends": [],
      "dataPsmIsClosed": null
    },
    {
      "types": [
        "core-operation",
        "https://ofn.gov.cz/slovník/psm/SetRoots"
      ],
      "iri": "https://ofn.gov.cz/operation/1742288876747-75fa-1a9d-b943",
      "parent": "https://ofn.gov.cz/operation/1742288876710-5a75-4dea-8ad3",
      "dataPsmRoots": [
        "https://ofn.gov.cz/class/1742288876710-6dc3-2376-9414"
      ]
    },
    {
      "types": [
        "core-operation",
        "https://ofn.gov.cz/slovník/psm/SetHumanLabel"
      ],
      "iri": "https://ofn.gov.cz/operation/1742288876783-4c56-5c78-84fa",
      "parent": "https://ofn.gov.cz/operation/1742288876747-75fa-1a9d-b943",
      "dataPsmResource": "4f1b1434-0e7f-47a9-bef4-5b7060109b0c",
      "dataPsmHumanLabel": {
        "cs": "Media Type",
        "en": "Media Type"
      }
    },
    {
      "types": [
        "core-operation",
        "https://ofn.gov.cz/slovník/psm/SetHumanDescription"
      ],
      "iri": "https://ofn.gov.cz/operation/1742288876812-c47c-4eed-824f",
      "parent": "https://ofn.gov.cz/operation/1742288876783-4c56-5c78-84fa",
      "dataPsmResource": "4f1b1434-0e7f-47a9-bef4-5b7060109b0c",
      "dataPsmHumanDescription": {
        "cs": "Datová struktura pro Media Type. A file format or physical medium.",
        "en": "Data structure for Media Type. A file format or physical medium."
      }
    },
    {
      "types": [
        "core-operation",
        "https://ofn.gov.cz/slovník/psm/CreateAttribute"
      ],
      "iri": "https://ofn.gov.cz/operation/1742339629137-f92c-6b45-af62",
      "parent": "https://ofn.gov.cz/operation/1742288876812-c47c-4eed-824f",
      "dataPsmNewIri": null,
      "dataPsmInterpretation": "d5wpgg2tdgmm8f1u3gy",
      "dataPsmTechnicalLabel": "label",
      "dataPsmHumanLabel": null,
      "dataPsmHumanDescription": null,
      "dataPsmOwner": "https://ofn.gov.cz/class/1742288876710-6dc3-2376-9414",
      "dataPsmDatatype": "http://www.w3.org/1999/02/22-rdf-syntax-ns#langString"
    },
    {
      "types": [
        "core-operation",
        "https://ofn.gov.cz/slovník/psm/SetJsonEnforceContext"
      ],
      "iri": "https://ofn.gov.cz/operation/1751272390485-f627-83bc-953e",
      "parent": "https://ofn.gov.cz/operation/1742339629137-f92c-6b45-af62",
      "dataPsmEntity": "4f1b1434-0e7f-47a9-bef4-5b7060109b0c",
      "jsonEnforceContext": "no"
    },
    {
      "types": [
        "core-operation",
        "https://ofn.gov.cz/slovník/psm/SetInstancesHaveIdentity"
      ],
      "iri": "https://ofn.gov.cz/operation/1751272405816-3a05-0064-86b2",
      "parent": "https://ofn.gov.cz/operation/1751272390485-f627-83bc-953e",
      "dataPsmClass": "https://ofn.gov.cz/class/1742288876710-6dc3-2376-9414",
      "instancesHaveIdentity": "ALWAYS"
    }
  ],
  "resources": {
    "4f1b1434-0e7f-47a9-bef4-5b7060109b0c": {
      "types": [
        "https://ofn.gov.cz/slovník/psm/Schema"
      ],
      "iri": "4f1b1434-0e7f-47a9-bef4-5b7060109b0c",
      "dataPsmHumanLabel": {
        "cs": "Media Type",
        "en": "Media Type"
      },
      "dataPsmHumanDescription": {
        "cs": "Datová struktura pro Media Type. A file format or physical medium.",
        "en": "Data structure for Media Type. A file format or physical medium."
      },
      "dataPsmTechnicalLabel": null,
      "dataPsmRoots": [
        "https://ofn.gov.cz/class/1742288876710-6dc3-2376-9414"
      ],
      "dataPsmParts": [
        "https://ofn.gov.cz/class/1742288876710-6dc3-2376-9414",
        "https://ofn.gov.cz/attribute/1742339629137-9b6f-a653-802b"
      ],
      "jsonEnforceContext": "no"
    },
    "https://ofn.gov.cz/class/1742288876710-6dc3-2376-9414": {
      "types": [
        "https://ofn.gov.cz/slovník/psm/Class"
      ],
      "iri": "https://ofn.gov.cz/class/1742288876710-6dc3-2376-9414",
      "dataPsmHumanLabel": null,
      "dataPsmHumanDescription": null,
      "dataPsmTechnicalLabel": "media_type",
      "dataPsmInterpretation": "e9sinvm4dgrm7yljpo4",
      "dataPsmExtends": [],
      "dataPsmParts": [
        "https://ofn.gov.cz/attribute/1742339629137-9b6f-a653-802b"
      ],
      "dataPsmIsClosed": null,
      "instancesHaveIdentity": "ALWAYS"
    },
    "https://ofn.gov.cz/attribute/1742339629137-9b6f-a653-802b": {
      "types": [
        "https://ofn.gov.cz/slovník/psm/Attribute"
      ],
      "iri": "https://ofn.gov.cz/attribute/1742339629137-9b6f-a653-802b",
      "dataPsmHumanLabel": null,
      "dataPsmHumanDescription": null,
      "dataPsmTechnicalLabel": "label",
      "dataPsmInterpretation": "d5wpgg2tdgmm8f1u3gy",
      "dataPsmDatatype": "http://www.w3.org/1999/02/22-rdf-syntax-ns#langString"
    }
  }
}