{
  "iri": "4fd91afc-e490-4b08-bbdf-4c1442cb70eb",
  "types": [
    "http://dataspecer.com/resources/v1/psm"
  ],
  "userMetadata": {
    "label": {
      "cs": "Resource agent role type",
      "en": "Resource agent role type"
    },
    "description": {
      "cs": "Datová struktura pro Resource agent role type. An idea or notion; a unit of thought.",
      "en": "Data structure for Resource agent role type. An idea or notion; a unit of thought."
    }
  },
  "metadata": {
    "creationDate": "2025-06-24T12:02:14.460Z",
    "modificationDate": "2025-07-25T13:34:31.316Z"
  },
  "_version": 1,
  "_exportVersion": 1,
  "_exportedAt": "2025-07-25T13:35:43.546Z",
  "_exportedBy": "http://localhost:3100"
}