{
  "operations": [
    {
      "types": [
        "core-operation",
        "https://ofn.gov.cz/slovník/psm/CreateClass"
      ],
      "iri": "https://ofn.gov.cz/operation/1747684797449-eb83-9d8b-98de",
      "parent": null,
      "dataPsmNewIri": null,
      "dataPsmInterpretation": "2d8k3q6cu3hmav6pi5o",
      "dataPsmTechnicalLabel": "date_type",
      "dataPsmHumanLabel": null,
      "dataPsmHumanDescription": null,
      "dataPsmExtends": [],
      "dataPsmIsClosed": null
    },
    {
      "types": [
        "core-operation",
        "https://ofn.gov.cz/slovník/psm/SetRoots"
      ],
      "iri": "https://ofn.gov.cz/operation/1747684797481-b8d1-4eeb-9be2",
      "parent": "https://ofn.gov.cz/operation/1747684797449-eb83-9d8b-98de",
      "dataPsmRoots": [
        "https://ofn.gov.cz/class/1747684797448-9d6c-a945-a0af"
      ]
    },
    {
      "types": [
        "core-operation",
        "https://ofn.gov.cz/slovník/psm/SetHumanLabel"
      ],
      "iri": "https://ofn.gov.cz/operation/1747684797513-5710-81a0-b61d",
      "parent": "https://ofn.gov.cz/operation/1747684797481-b8d1-4eeb-9be2",
      "dataPsmResource": "536262be-2e24-4acb-a4c5-78bd2d237257",
      "dataPsmHumanLabel": {
        "en": "Date type",
        "cs": "Date type"
      }
    },
    {
      "types": [
        "core-operation",
        "https://ofn.gov.cz/slovník/psm/SetHumanDescription"
      ],
      "iri": "https://ofn.gov.cz/operation/1747684797542-2a87-2e50-bd43",
      "parent": "https://ofn.gov.cz/operation/1747684797513-5710-81a0-b61d",
      "dataPsmResource": "536262be-2e24-4acb-a4c5-78bd2d237257",
      "dataPsmHumanDescription": {
        "en": "Data structure for Date type. Type of a date in relation to the resource.",
        "cs": "Datová struktura pro Date type. Type of a date in relation to the resource."
      }
    },
    {
      "types": [
        "core-operation",
        "https://ofn.gov.cz/slovník/psm/CreateAttribute"
      ],
      "iri": "https://ofn.gov.cz/operation/1747684814693-00eb-96f7-9853",
      "parent": "https://ofn.gov.cz/operation/1747684797542-2a87-2e50-bd43",
      "dataPsmNewIri": null,
      "dataPsmInterpretation": "jvdwf7009wmavgbamd",
      "dataPsmTechnicalLabel": "label",
      "dataPsmHumanLabel": null,
      "dataPsmHumanDescription": null,
      "dataPsmOwner": "https://ofn.gov.cz/class/1747684797448-9d6c-a945-a0af",
      "dataPsmDatatype": "http://www.w3.org/1999/02/22-rdf-syntax-ns#langString"
    },
    {
      "types": [
        "core-operation",
        "https://ofn.gov.cz/slovník/psm/SetInstancesHaveIdentity"
      ],
      "iri": "https://ofn.gov.cz/operation/1750770455872-6b9b-cbfb-a27f",
      "parent": "https://ofn.gov.cz/operation/1747684814693-00eb-96f7-9853",
      "dataPsmClass": "https://ofn.gov.cz/class/1747684797448-9d6c-a945-a0af",
      "instancesHaveIdentity": "ALWAYS"
    },
    {
      "types": [
        "core-operation",
        "https://ofn.gov.cz/slovník/psm/extensions/xml/setNamespace"
      ],
      "iri": "https://ofn.gov.cz/operation/1753448208113-913e-9dba-bcbe",
      "parent": "https://ofn.gov.cz/operation/1750770455872-6b9b-cbfb-a27f",
      "dataPsmSchema": "536262be-2e24-4acb-a4c5-78bd2d237257",
      "namespace": "https://schema.ccmm.cz/date-type",
      "namespacePrefix": "ccmm-date-type"
    }
  ],
  "resources": {
    "536262be-2e24-4acb-a4c5-78bd2d237257": {
      "types": [
        "https://ofn.gov.cz/slovník/psm/Schema"
      ],
      "iri": "536262be-2e24-4acb-a4c5-78bd2d237257",
      "dataPsmHumanLabel": {
        "en": "Date type",
        "cs": "Date type"
      },
      "dataPsmHumanDescription": {
        "en": "Data structure for Date type. Type of a date in relation to the resource.",
        "cs": "Datová struktura pro Date type. Type of a date in relation to the resource."
      },
      "dataPsmTechnicalLabel": null,
      "dataPsmRoots": [
        "https://ofn.gov.cz/class/1747684797448-9d6c-a945-a0af"
      ],
      "dataPsmParts": [
        "https://ofn.gov.cz/class/1747684797448-9d6c-a945-a0af",
        "https://ofn.gov.cz/attribute/1747684814692-fa05-be26-858d"
      ],
      "extensions": {
        "https://ofn.gov.cz/slovník/psm/extensions/xml": {
          "namespace": "https://schema.ccmm.cz/date-type",
          "namespacePrefix": "ccmm-date-type"
        }
      }
    },
    "https://ofn.gov.cz/class/1747684797448-9d6c-a945-a0af": {
      "types": [
        "https://ofn.gov.cz/slovník/psm/Class"
      ],
      "iri": "https://ofn.gov.cz/class/1747684797448-9d6c-a945-a0af",
      "dataPsmHumanLabel": null,
      "dataPsmHumanDescription": null,
      "dataPsmTechnicalLabel": "date_type",
      "dataPsmInterpretation": "2d8k3q6cu3hmav6pi5o",
      "dataPsmExtends": [],
      "dataPsmParts": [
        "https://ofn.gov.cz/attribute/1747684814692-fa05-be26-858d"
      ],
      "dataPsmIsClosed": null,
      "instancesHaveIdentity": "ALWAYS"
    },
    "https://ofn.gov.cz/attribute/1747684814692-fa05-be26-858d": {
      "types": [
        "https://ofn.gov.cz/slovník/psm/Attribute"
      ],
      "iri": "https://ofn.gov.cz/attribute/1747684814692-fa05-be26-858d",
      "dataPsmHumanLabel": null,
      "dataPsmHumanDescription": null,
      "dataPsmTechnicalLabel": "label",
      "dataPsmInterpretation": "jvdwf7009wmavgbamd",
      "dataPsmDatatype": "http://www.w3.org/1999/02/22-rdf-syntax-ns#langString"
    }
  }
}