{
  "operations": [
    {
      "types": [
        "core-operation",
        "https://ofn.gov.cz/slovník/psm/CreateClass"
      ],
      "iri": "https://ofn.gov.cz/operation/1742234428662-de80-3cff-b8f7",
      "parent": null,
      "dataPsmNewIri": null,
      "dataPsmInterpretation": "pxybpkdil5lm7w19him",
      "dataPsmTechnicalLabel": "resource",
      "dataPsmHumanLabel": null,
      "dataPsmHumanDescription": null,
      "dataPsmExtends": [],
      "dataPsmIsClosed": null
    },
    {
      "types": [
        "core-operation",
        "https://ofn.gov.cz/slovník/psm/SetRoots"
      ],
      "iri": "https://ofn.gov.cz/operation/1742234428692-7c49-9bf2-bc43",
      "parent": "https://ofn.gov.cz/operation/1742234428662-de80-3cff-b8f7",
      "dataPsmRoots": [
        "https://ofn.gov.cz/class/1742234428662-255b-ab44-995e"
      ]
    },
    {
      "types": [
        "core-operation",
        "https://ofn.gov.cz/slovník/psm/SetHumanLabel"
      ],
      "iri": "https://ofn.gov.cz/operation/1742234428725-0b3e-3a54-85ac",
      "parent": "https://ofn.gov.cz/operation/1742234428692-7c49-9bf2-bc43",
      "dataPsmResource": "59320987-85a2-42da-91e2-36d8774b3522",
      "dataPsmHumanLabel": {
        "cs": "Resource",
        "en": "Resource"
      }
    },
    {
      "types": [
        "core-operation",
        "https://ofn.gov.cz/slovník/psm/SetHumanDescription"
      ],
      "iri": "https://ofn.gov.cz/operation/1742234428755-4947-d0bd-9985",
      "parent": "https://ofn.gov.cz/operation/1742234428725-0b3e-3a54-85ac",
      "dataPsmResource": "59320987-85a2-42da-91e2-36d8774b3522",
      "dataPsmHumanDescription": {
        "cs": "Datová struktura pro Resource. Resource represents any resource, physical or digital, that is related to the described dataset. ",
        "en": "Data structure for Resource. Resource represents any resource, physical or digital, that is related to the described dataset. "
      }
    },
    {
      "types": [
        "core-operation",
        "https://ofn.gov.cz/slovník/psm/CreateAttribute"
      ],
      "iri": "https://ofn.gov.cz/operation/1742234446559-bb11-7bb6-8410",
      "parent": "https://ofn.gov.cz/operation/1742234428755-4947-d0bd-9985",
      "dataPsmNewIri": null,
      "dataPsmInterpretation": "bt5l1hscvmm7w3y9x0",
      "dataPsmTechnicalLabel": "relationType",
      "dataPsmHumanLabel": null,
      "dataPsmHumanDescription": null,
      "dataPsmOwner": "https://ofn.gov.cz/class/1742234428662-255b-ab44-995e",
      "dataPsmDatatype": "http://www.w3.org/2001/XMLSchema#string"
    },
    {
      "types": [
        "core-operation",
        "https://ofn.gov.cz/slovník/psm/CreateAttribute"
      ],
      "iri": "https://ofn.gov.cz/operation/1742234446597-8e43-d77b-a3a6",
      "parent": "https://ofn.gov.cz/operation/1742234446559-bb11-7bb6-8410",
      "dataPsmNewIri": null,
      "dataPsmInterpretation": "vhvnvov86usm7w3u6j1",
      "dataPsmTechnicalLabel": "type",
      "dataPsmHumanLabel": null,
      "dataPsmHumanDescription": null,
      "dataPsmOwner": "https://ofn.gov.cz/class/1742234428662-255b-ab44-995e",
      "dataPsmDatatype": "http://www.w3.org/2001/XMLSchema#string"
    },
    {
      "types": [
        "core-operation",
        "https://ofn.gov.cz/slovník/psm/CreateAttribute"
      ],
      "iri": "https://ofn.gov.cz/operation/1742234446631-981f-642f-b80e",
      "parent": "https://ofn.gov.cz/operation/1742234446597-8e43-d77b-a3a6",
      "dataPsmNewIri": null,
      "dataPsmInterpretation": "y8q8sx1k6iqm7w3r862",
      "dataPsmTechnicalLabel": "title",
      "dataPsmHumanLabel": null,
      "dataPsmHumanDescription": null,
      "dataPsmOwner": "https://ofn.gov.cz/class/1742234428662-255b-ab44-995e",
      "dataPsmDatatype": "http://www.w3.org/2001/XMLSchema#string"
    },
    {
      "types": [
        "core-operation",
        "https://ofn.gov.cz/slovník/psm/CreateAttribute"
      ],
      "iri": "https://ofn.gov.cz/operation/1742234446664-46c9-e3de-b697",
      "parent": "https://ofn.gov.cz/operation/1742234446631-981f-642f-b80e",
      "dataPsmNewIri": null,
      "dataPsmInterpretation": "9rymmuccpufm7w3on7j",
      "dataPsmTechnicalLabel": "identifier",
      "dataPsmHumanLabel": null,
      "dataPsmHumanDescription": null,
      "dataPsmOwner": "https://ofn.gov.cz/class/1742234428662-255b-ab44-995e",
      "dataPsmDatatype": "http://www.w3.org/2001/XMLSchema#string"
    },
    {
      "types": [
        "core-operation",
        "https://ofn.gov.cz/slovník/psm/CreateClass"
      ],
      "iri": "https://ofn.gov.cz/operation/1742234446697-038c-6216-b593",
      "parent": "https://ofn.gov.cz/operation/1742234446664-46c9-e3de-b697",
      "dataPsmNewIri": null,
      "dataPsmInterpretation": "5efwrun05sam7w6d54p",
      "dataPsmTechnicalLabel": "resourceToAgentRelationship",
      "dataPsmHumanLabel": null,
      "dataPsmHumanDescription": null,
      "dataPsmExtends": [],
      "dataPsmIsClosed": null
    },
    {
      "types": [
        "core-operation",
        "https://ofn.gov.cz/slovník/psm/CreateAssociationEnd"
      ],
      "iri": "https://ofn.gov.cz/operation/1742234446726-02ed-550d-bd29",
      "parent": "https://ofn.gov.cz/operation/1742234446697-038c-6216-b593",
      "dataPsmNewIri": null,
      "dataPsmInterpretation": "vfryag0fpq8m7w808t2",
      "dataPsmTechnicalLabel": "qualifiedRelation",
      "dataPsmHumanLabel": null,
      "dataPsmHumanDescription": null,
      "dataPsmOwner": "https://ofn.gov.cz/class/1742234428662-255b-ab44-995e",
      "dataPsmPart": "https://ofn.gov.cz/class/1742234446697-8e48-c3ca-aec2",
      "dataPsmIsReverse": false,
      "dataPsmIsDematerialize": null
    },
    {
      "types": [
        "core-operation",
        "https://ofn.gov.cz/slovník/psm/CreateClass"
      ],
      "iri": "https://ofn.gov.cz/operation/1742234446765-5d51-db72-8d6c",
      "parent": "https://ofn.gov.cz/operation/1742234446726-02ed-550d-bd29",
      "dataPsmNewIri": null,
      "dataPsmInterpretation": "x67cs7mr11m7w4riy7",
      "dataPsmTechnicalLabel": "timeReference",
      "dataPsmHumanLabel": null,
      "dataPsmHumanDescription": null,
      "dataPsmExtends": [],
      "dataPsmIsClosed": null
    },
    {
      "types": [
        "core-operation",
        "https://ofn.gov.cz/slovník/psm/CreateAssociationEnd"
      ],
      "iri": "https://ofn.gov.cz/operation/1742234446802-33ff-96f6-b5c0",
      "parent": "https://ofn.gov.cz/operation/1742234446765-5d51-db72-8d6c",
      "dataPsmNewIri": null,
      "dataPsmInterpretation": "b30c5ypowwrm7w4vdjj",
      "dataPsmTechnicalLabel": "hasTimeReference",
      "dataPsmHumanLabel": null,
      "dataPsmHumanDescription": null,
      "dataPsmOwner": "https://ofn.gov.cz/class/1742234428662-255b-ab44-995e",
      "dataPsmPart": "https://ofn.gov.cz/class/1742234446764-ac27-025c-9641",
      "dataPsmIsReverse": false,
      "dataPsmIsDematerialize": null
    },
    {
      "types": [
        "core-operation",
        "https://ofn.gov.cz/slovník/psm/SetTechnicalLabel"
      ],
      "iri": "https://ofn.gov.cz/operation/1742235008065-9181-99d4-8181",
      "parent": "https://ofn.gov.cz/operation/1742234446802-33ff-96f6-b5c0",
      "dataPsmResource": "https://ofn.gov.cz/association/1742234446726-908d-a496-850a",
      "dataPsmTechnicalLabel": "qualified_relations"
    },
    {
      "types": [
        "core-operation",
        "https://ofn.gov.cz/slovník/psm/SetTechnicalLabel"
      ],
      "iri": "https://ofn.gov.cz/operation/1742235029713-8b65-60e1-ab81",
      "parent": "https://ofn.gov.cz/operation/1742235008065-9181-99d4-8181",
      "dataPsmResource": "https://ofn.gov.cz/class/1742234446697-8e48-c3ca-aec2",
      "dataPsmTechnicalLabel": "resource_to_agent_relationship"
    },
    {
      "types": [
        "core-operation",
        "https://ofn.gov.cz/slovník/psm/SetTechnicalLabel"
      ],
      "iri": "https://ofn.gov.cz/operation/1742235056035-ca13-dd3b-9021",
      "parent": "https://ofn.gov.cz/operation/1742235029713-8b65-60e1-ab81",
      "dataPsmResource": "https://ofn.gov.cz/class/1742234446764-ac27-025c-9641",
      "dataPsmTechnicalLabel": "time_reference"
    },
    {
      "types": [
        "core-operation",
        "https://ofn.gov.cz/slovník/psm/CreateClassReference"
      ],
      "iri": "https://ofn.gov.cz/operation/1742338545373-bd9b-5703-8528",
      "parent": "https://ofn.gov.cz/operation/1742235056035-ca13-dd3b-9021",
      "dataPsmNewIri": null,
      "dataPsmSpecification": "edaeb96d-b03f-46fe-ba4e-b7065361fd5d",
      "dataPsmClass": "https://ofn.gov.cz/class/1742235557653-64a2-513a-97fe"
    },
    {
      "types": [
        "core-operation",
        "https://ofn.gov.cz/slovník/psm/SetPart"
      ],
      "iri": "https://ofn.gov.cz/operation/1742338545373-7d0d-abbb-8cbd",
      "parent": "https://ofn.gov.cz/operation/1742338545373-bd9b-5703-8528",
      "dataPsmAssociationEnd": "https://ofn.gov.cz/association/1742234446726-908d-a496-850a",
      "dataPsmPart": "https://ofn.gov.cz/class-reference/1742338545373-0b8d-e13d-aa6b"
    },
    {
      "types": [
        "core-operation",
        "https://ofn.gov.cz/slovník/psm/DeleteClass"
      ],
      "iri": "https://ofn.gov.cz/operation/1742338545383-cbbe-d0c4-9278",
      "parent": "https://ofn.gov.cz/operation/1742338545373-7d0d-abbb-8cbd",
      "dataPsmClass": "https://ofn.gov.cz/class/1742234446697-8e48-c3ca-aec2"
    },
    {
      "types": [
        "core-operation",
        "https://ofn.gov.cz/slovník/psm/CreateClassReference"
      ],
      "iri": "https://ofn.gov.cz/operation/1742338552371-91bd-a3bc-8764",
      "parent": "https://ofn.gov.cz/operation/1742338545383-cbbe-d0c4-9278",
      "dataPsmNewIri": null,
      "dataPsmSpecification": "c82768f3-8865-4e8a-8278-4b895c4f6ff4",
      "dataPsmClass": "https://ofn.gov.cz/class/1742235299937-b17d-6f34-926d"
    },
    {
      "types": [
        "core-operation",
        "https://ofn.gov.cz/slovník/psm/SetPart"
      ],
      "iri": "https://ofn.gov.cz/operation/1742338552371-8d48-dcfd-88e1",
      "parent": "https://ofn.gov.cz/operation/1742338552371-91bd-a3bc-8764",
      "dataPsmAssociationEnd": "https://ofn.gov.cz/association/1742234446802-6427-8fd0-93f5",
      "dataPsmPart": "https://ofn.gov.cz/class-reference/1742338552371-47f2-6232-860e"
    },
    {
      "types": [
        "core-operation",
        "https://ofn.gov.cz/slovník/psm/DeleteClass"
      ],
      "iri": "https://ofn.gov.cz/operation/1742338552379-d47f-55a9-87b1",
      "parent": "https://ofn.gov.cz/operation/1742338552371-8d48-dcfd-88e1",
      "dataPsmClass": "https://ofn.gov.cz/class/1742234446764-ac27-025c-9641"
    },
    {
      "types": [
        "core-operation",
        "https://ofn.gov.cz/slovník/psm/CreateClassReference"
      ],
      "iri": "https://ofn.gov.cz/operation/1742338905679-6d1d-ea69-a989",
      "parent": "https://ofn.gov.cz/operation/1742338552379-d47f-55a9-87b1",
      "dataPsmNewIri": null,
      "dataPsmSpecification": "c82768f3-8865-4e8a-8278-4b895c4f6ff4",
      "dataPsmClass": "https://ofn.gov.cz/class/1742235299937-b17d-6f34-926d"
    },
    {
      "types": [
        "core-operation",
        "https://ofn.gov.cz/slovník/psm/SetPart"
      ],
      "iri": "https://ofn.gov.cz/operation/1742338905679-6ce0-c9c1-803e",
      "parent": "https://ofn.gov.cz/operation/1742338905679-6d1d-ea69-a989",
      "dataPsmAssociationEnd": "https://ofn.gov.cz/association/1742234446802-6427-8fd0-93f5",
      "dataPsmPart": "https://ofn.gov.cz/class-reference/1742338905679-5437-8987-b68d"
    },
    {
      "types": [
        "core-operation",
        "https://ofn.gov.cz/slovník/psm/CreateClassReference"
      ],
      "iri": "https://ofn.gov.cz/operation/1742339227758-2ca4-1dbc-a644",
      "parent": "https://ofn.gov.cz/operation/1742338905679-6ce0-c9c1-803e",
      "dataPsmNewIri": null,
      "dataPsmSpecification": "edaeb96d-b03f-46fe-ba4e-b7065361fd5d",
      "dataPsmClass": "https://ofn.gov.cz/class/1742235557653-64a2-513a-97fe"
    },
    {
      "types": [
        "core-operation",
        "https://ofn.gov.cz/slovník/psm/SetPart"
      ],
      "iri": "https://ofn.gov.cz/operation/1742339227795-8b92-26f8-a8a6",
      "parent": "https://ofn.gov.cz/operation/1742339227758-2ca4-1dbc-a644",
      "dataPsmAssociationEnd": "https://ofn.gov.cz/association/1742234446726-908d-a496-850a",
      "dataPsmPart": "https://ofn.gov.cz/class-reference/1742339227758-78d9-da52-a0fb"
    },
    {
      "types": [
        "core-operation",
        "https://ofn.gov.cz/slovník/psm/SetTechnicalLabel"
      ],
      "iri": "https://ofn.gov.cz/operation/1742339269662-3df1-079b-b21f",
      "parent": "https://ofn.gov.cz/operation/1742339227795-8b92-26f8-a8a6",
      "dataPsmResource": "https://ofn.gov.cz/association/1742234446726-908d-a496-850a",
      "dataPsmTechnicalLabel": "qualified_relation"
    },
    {
      "types": [
        "core-operation",
        "https://ofn.gov.cz/slovník/psm/SetTechnicalLabel"
      ],
      "iri": "https://ofn.gov.cz/operation/1742339284025-e8cd-b66c-a016",
      "parent": "https://ofn.gov.cz/operation/1742339269662-3df1-079b-b21f",
      "dataPsmResource": "https://ofn.gov.cz/association/1742234446802-6427-8fd0-93f5",
      "dataPsmTechnicalLabel": "has_time_reference"
    },
    {
      "types": [
        "core-operation",
        "https://ofn.gov.cz/slovník/psm/SetTechnicalLabel"
      ],
      "iri": "https://ofn.gov.cz/operation/1742341019347-6b68-0317-bbf4",
      "parent": "https://ofn.gov.cz/operation/1742339284025-e8cd-b66c-a016",
      "dataPsmResource": "https://ofn.gov.cz/association/1742234446802-6427-8fd0-93f5",
      "dataPsmTechnicalLabel": "time_reference"
    },
    {
      "types": [
        "core-operation",
        "https://ofn.gov.cz/slovník/psm/CreateAttribute"
      ],
      "iri": "https://ofn.gov.cz/operation/1743522069667-9b58-b529-ac22",
      "parent": "https://ofn.gov.cz/operation/1742341019347-6b68-0317-bbf4",
      "dataPsmNewIri": null,
      "dataPsmInterpretation": "1a1aace3x9bm8ynzbls",
      "dataPsmTechnicalLabel": "resource_url",
      "dataPsmHumanLabel": null,
      "dataPsmHumanDescription": null,
      "dataPsmOwner": "https://ofn.gov.cz/class/1742234428662-255b-ab44-995e",
      "dataPsmDatatype": "http://www.w3.org/2001/XMLSchema#anyURI"
    },
    {
      "types": [
        "core-operation",
        "https://ofn.gov.cz/slovník/psm/SetOrder"
      ],
      "iri": "https://ofn.gov.cz/operation/1743522073257-87d8-28e5-a186",
      "parent": "https://ofn.gov.cz/operation/1743522069667-9b58-b529-ac22",
      "dataPsmOwnerClass": "https://ofn.gov.cz/class/1742234428662-255b-ab44-995e",
      "dataPsmResourceToMove": "https://ofn.gov.cz/attribute/1743522069666-2a27-c6c7-9f65",
      "dataPsmMoveAfter": "https://ofn.gov.cz/attribute/1742234446664-c016-2dfa-88a3"
    },
    {
      "types": [
        "core-operation",
        "https://ofn.gov.cz/slovník/psm/SetOrder"
      ],
      "iri": "https://ofn.gov.cz/operation/1743522077395-14a8-b650-b81e",
      "parent": "https://ofn.gov.cz/operation/1743522073257-87d8-28e5-a186",
      "dataPsmOwnerClass": "https://ofn.gov.cz/class/1742234428662-255b-ab44-995e",
      "dataPsmResourceToMove": "https://ofn.gov.cz/attribute/1743522069666-2a27-c6c7-9f65",
      "dataPsmMoveAfter": "https://ofn.gov.cz/attribute/1742234446631-8535-4c65-b077"
    },
    {
      "types": [
        "core-operation",
        "https://ofn.gov.cz/slovník/psm/DeleteAttribute"
      ],
      "iri": "https://ofn.gov.cz/operation/1743522083779-1bc4-86c0-8e92",
      "parent": "https://ofn.gov.cz/operation/1743522077395-14a8-b650-b81e",
      "dataPsmOwner": "https://ofn.gov.cz/class/1742234428662-255b-ab44-995e",
      "dataPsmAttribute": "https://ofn.gov.cz/attribute/1742234446664-c016-2dfa-88a3"
    },
    {
      "types": [
        "core-operation",
        "https://ofn.gov.cz/slovník/psm/CreateClass"
      ],
      "iri": "https://ofn.gov.cz/operation/1743522091610-f639-5880-96dd",
      "parent": "https://ofn.gov.cz/operation/1743522083779-1bc4-86c0-8e92",
      "dataPsmNewIri": null,
      "dataPsmInterpretation": "jn4pliugvvm8ezs3kk",
      "dataPsmTechnicalLabel": "identifier",
      "dataPsmHumanLabel": null,
      "dataPsmHumanDescription": null,
      "dataPsmExtends": [],
      "dataPsmIsClosed": null
    },
    {
      "types": [
        "core-operation",
        "https://ofn.gov.cz/slovník/psm/CreateAssociationEnd"
      ],
      "iri": "https://ofn.gov.cz/operation/1743522091642-359c-8827-83ad",
      "parent": "https://ofn.gov.cz/operation/1743522091610-f639-5880-96dd",
      "dataPsmNewIri": null,
      "dataPsmInterpretation": "rrkv9n6v03m8oa35i6",
      "dataPsmTechnicalLabel": "has_identifier",
      "dataPsmHumanLabel": null,
      "dataPsmHumanDescription": null,
      "dataPsmOwner": "https://ofn.gov.cz/class/1742234428662-255b-ab44-995e",
      "dataPsmPart": "https://ofn.gov.cz/class/1743522091609-b5cd-2b41-8cb5",
      "dataPsmIsReverse": false,
      "dataPsmIsDematerialize": null
    },
    {
      "types": [
        "core-operation",
        "https://ofn.gov.cz/slovník/psm/DeleteAttribute"
      ],
      "iri": "https://ofn.gov.cz/operation/1743589911485-0053-6f28-9163",
      "parent": "https://ofn.gov.cz/operation/1743522091642-359c-8827-83ad",
      "dataPsmOwner": "https://ofn.gov.cz/class/1742234428662-255b-ab44-995e",
      "dataPsmAttribute": "https://ofn.gov.cz/attribute/1743522069666-2a27-c6c7-9f65"
    },
    {
      "types": [
        "core-operation",
        "https://ofn.gov.cz/slovník/psm/CreateClassReference"
      ],
      "iri": "https://ofn.gov.cz/operation/1743589918503-1625-0eee-a7e2",
      "parent": "https://ofn.gov.cz/operation/1743589911485-0053-6f28-9163",
      "dataPsmNewIri": null,
      "dataPsmSpecification": "e4bb0f83-fd28-4b0b-8f74-6160a258796f",
      "dataPsmClass": "https://ofn.gov.cz/class/1742340169817-84a9-ded1-a656"
    },
    {
      "types": [
        "core-operation",
        "https://ofn.gov.cz/slovník/psm/SetPart"
      ],
      "iri": "https://ofn.gov.cz/operation/1743589918553-f56e-0b4b-a3fd",
      "parent": "https://ofn.gov.cz/operation/1743589918503-1625-0eee-a7e2",
      "dataPsmAssociationEnd": "https://ofn.gov.cz/association/1743522091642-3152-d56e-b6d3",
      "dataPsmPart": "https://ofn.gov.cz/class-reference/1743589918503-3e6d-e6f4-a635"
    },
    {
      "types": [
        "core-operation",
        "https://ofn.gov.cz/slovník/psm/DeleteClass"
      ],
      "iri": "https://ofn.gov.cz/operation/1743589918563-2f78-5057-b9f2",
      "parent": "https://ofn.gov.cz/operation/1743589918553-f56e-0b4b-a3fd",
      "dataPsmClass": "https://ofn.gov.cz/class/1743522091609-b5cd-2b41-8cb5"
    },
    {
      "types": [
        "core-operation",
        "https://ofn.gov.cz/slovník/psm/SetTechnicalLabel"
      ],
      "iri": "https://ofn.gov.cz/operation/1743589962396-989c-9f9f-9b06",
      "parent": "https://ofn.gov.cz/operation/1743589918563-2f78-5057-b9f2",
      "dataPsmResource": "https://ofn.gov.cz/association/1743522091642-3152-d56e-b6d3",
      "dataPsmTechnicalLabel": "identifier"
    },
    {
      "types": [
        "core-operation",
        "https://ofn.gov.cz/slovník/psm/CreateAttribute"
      ],
      "iri": "https://ofn.gov.cz/operation/1743589974073-11bd-24ee-8b7a",
      "parent": "https://ofn.gov.cz/operation/1743589962396-989c-9f9f-9b06",
      "dataPsmNewIri": null,
      "dataPsmInterpretation": "dttou9ndgvfm8zsa5cv",
      "dataPsmTechnicalLabel": "resource_url",
      "dataPsmHumanLabel": null,
      "dataPsmHumanDescription": null,
      "dataPsmOwner": "https://ofn.gov.cz/class/1742234428662-255b-ab44-995e",
      "dataPsmDatatype": "http://www.w3.org/2000/01/rdf-schema#Literal"
    },
    {
      "types": [
        "core-operation",
        "https://ofn.gov.cz/slovník/psm/SetOrder"
      ],
      "iri": "https://ofn.gov.cz/operation/1743589977861-3799-83aa-b059",
      "parent": "https://ofn.gov.cz/operation/1743589974073-11bd-24ee-8b7a",
      "dataPsmOwnerClass": "https://ofn.gov.cz/class/1742234428662-255b-ab44-995e",
      "dataPsmResourceToMove": "https://ofn.gov.cz/attribute/1743589974073-8b0c-e076-b0ef",
      "dataPsmMoveAfter": "https://ofn.gov.cz/attribute/1742234446631-8535-4c65-b077"
    },
    {
      "types": [
        "core-operation",
        "https://ofn.gov.cz/slovník/psm/DeleteAttribute"
      ],
      "iri": "https://ofn.gov.cz/operation/1747685085302-fe5f-607c-bc63",
      "parent": "https://ofn.gov.cz/operation/1743589977861-3799-83aa-b059",
      "dataPsmOwner": "https://ofn.gov.cz/class/1742234428662-255b-ab44-995e",
      "dataPsmAttribute": "https://ofn.gov.cz/attribute/1742234446559-dddc-2202-a3a8"
    },
    {
      "types": [
        "core-operation",
        "https://ofn.gov.cz/slovník/psm/DeleteAttribute"
      ],
      "iri": "https://ofn.gov.cz/operation/1747685086801-01b5-4e6b-b264",
      "parent": "https://ofn.gov.cz/operation/1747685085302-fe5f-607c-bc63",
      "dataPsmOwner": "https://ofn.gov.cz/class/1742234428662-255b-ab44-995e",
      "dataPsmAttribute": "https://ofn.gov.cz/attribute/1742234446597-c4fa-ea39-b69c"
    },
    {
      "types": [
        "core-operation",
        "https://ofn.gov.cz/slovník/psm/CreateClass"
      ],
      "iri": "https://ofn.gov.cz/operation/1747685100025-94c9-8352-9802",
      "parent": "https://ofn.gov.cz/operation/1747685086801-01b5-4e6b-b264",
      "dataPsmNewIri": null,
      "dataPsmInterpretation": "xh1usvbrb5pmav74mhm",
      "dataPsmTechnicalLabel": "resource_type",
      "dataPsmHumanLabel": null,
      "dataPsmHumanDescription": null,
      "dataPsmExtends": [],
      "dataPsmIsClosed": null
    },
    {
      "types": [
        "core-operation",
        "https://ofn.gov.cz/slovník/psm/CreateAssociationEnd"
      ],
      "iri": "https://ofn.gov.cz/operation/1747685100066-de76-fdbe-8147",
      "parent": "https://ofn.gov.cz/operation/1747685100025-94c9-8352-9802",
      "dataPsmNewIri": null,
      "dataPsmInterpretation": "zhgf301fd3gmavegnx8",
      "dataPsmTechnicalLabel": "has_type",
      "dataPsmHumanLabel": null,
      "dataPsmHumanDescription": null,
      "dataPsmOwner": "https://ofn.gov.cz/class/1742234428662-255b-ab44-995e",
      "dataPsmPart": "https://ofn.gov.cz/class/1747685100025-befa-3eeb-87d5",
      "dataPsmIsReverse": false,
      "dataPsmIsDematerialize": null
    },
    {
      "types": [
        "core-operation",
        "https://ofn.gov.cz/slovník/psm/CreateClass"
      ],
      "iri": "https://ofn.gov.cz/operation/1747685100110-e737-1fe7-8663",
      "parent": "https://ofn.gov.cz/operation/1747685100066-de76-fdbe-8147",
      "dataPsmNewIri": null,
      "dataPsmInterpretation": "3njusexydbgmav76kca",
      "dataPsmTechnicalLabel": "resource_relation_type",
      "dataPsmHumanLabel": null,
      "dataPsmHumanDescription": null,
      "dataPsmExtends": [],
      "dataPsmIsClosed": null
    },
    {
      "types": [
        "core-operation",
        "https://ofn.gov.cz/slovník/psm/CreateAssociationEnd"
      ],
      "iri": "https://ofn.gov.cz/operation/1747685100150-0763-38d9-ad74",
      "parent": "https://ofn.gov.cz/operation/1747685100110-e737-1fe7-8663",
      "dataPsmNewIri": null,
      "dataPsmInterpretation": "rc28it5ow3mavhkqyc",
      "dataPsmTechnicalLabel": "has_resource_relation_type",
      "dataPsmHumanLabel": null,
      "dataPsmHumanDescription": null,
      "dataPsmOwner": "https://ofn.gov.cz/class/1742234428662-255b-ab44-995e",
      "dataPsmPart": "https://ofn.gov.cz/class/1747685100110-39c6-d182-95c2",
      "dataPsmIsReverse": false,
      "dataPsmIsDematerialize": null
    },
    {
      "types": [
        "core-operation",
        "https://ofn.gov.cz/slovník/psm/SetTechnicalLabel"
      ],
      "iri": "https://ofn.gov.cz/operation/1747685123789-842c-cd8c-9ae7",
      "parent": "https://ofn.gov.cz/operation/1747685100150-0763-38d9-ad74",
      "dataPsmResource": "https://ofn.gov.cz/association/1747685100066-6ea0-4cf2-8fae",
      "dataPsmTechnicalLabel": "resource_type"
    },
    {
      "types": [
        "core-operation",
        "https://ofn.gov.cz/slovník/psm/SetTechnicalLabel"
      ],
      "iri": "https://ofn.gov.cz/operation/1747685137300-42ca-c902-8edc",
      "parent": "https://ofn.gov.cz/operation/1747685123789-842c-cd8c-9ae7",
      "dataPsmResource": "https://ofn.gov.cz/association/1747685100150-8fd4-e410-9fe9",
      "dataPsmTechnicalLabel": "resource_relation_type"
    },
    {
      "types": [
        "core-operation",
        "https://ofn.gov.cz/slovník/psm/CreateClassReference"
      ],
      "iri": "https://ofn.gov.cz/operation/1747685147369-4b69-a326-adb2",
      "parent": "https://ofn.gov.cz/operation/1747685137300-42ca-c902-8edc",
      "dataPsmNewIri": null,
      "dataPsmSpecification": "025aae80-178f-419f-8eac-a3281f3e4771",
      "dataPsmClass": "https://ofn.gov.cz/class/1747685065285-430a-9d52-9477"
    },
    {
      "types": [
        "core-operation",
        "https://ofn.gov.cz/slovník/psm/SetPart"
      ],
      "iri": "https://ofn.gov.cz/operation/1747685147411-c0e2-b9a2-9241",
      "parent": "https://ofn.gov.cz/operation/1747685147369-4b69-a326-adb2",
      "dataPsmAssociationEnd": "https://ofn.gov.cz/association/1747685100066-6ea0-4cf2-8fae",
      "dataPsmPart": "https://ofn.gov.cz/class-reference/1747685147369-9248-71fa-9bc6"
    },
    {
      "types": [
        "core-operation",
        "https://ofn.gov.cz/slovník/psm/DeleteClass"
      ],
      "iri": "https://ofn.gov.cz/operation/1747685147417-934e-bd39-98a7",
      "parent": "https://ofn.gov.cz/operation/1747685147411-c0e2-b9a2-9241",
      "dataPsmClass": "https://ofn.gov.cz/class/1747685100025-befa-3eeb-87d5"
    },
    {
      "types": [
        "core-operation",
        "https://ofn.gov.cz/slovník/psm/CreateClassReference"
      ],
      "iri": "https://ofn.gov.cz/operation/1747685194239-c2c5-35c0-8e1a",
      "parent": "https://ofn.gov.cz/operation/1747685147417-934e-bd39-98a7",
      "dataPsmNewIri": null,
      "dataPsmSpecification": "adb6cc6f-b5c9-406c-9c32-18b898718ed8",
      "dataPsmClass": "https://ofn.gov.cz/class/1747685037448-1c9b-f7fc-b4be"
    },
    {
      "types": [
        "core-operation",
        "https://ofn.gov.cz/slovník/psm/SetPart"
      ],
      "iri": "https://ofn.gov.cz/operation/1747685194290-3246-1a82-a303",
      "parent": "https://ofn.gov.cz/operation/1747685194239-c2c5-35c0-8e1a",
      "dataPsmAssociationEnd": "https://ofn.gov.cz/association/1747685100150-8fd4-e410-9fe9",
      "dataPsmPart": "https://ofn.gov.cz/class-reference/1747685194239-c8e8-c216-a77d"
    },
    {
      "types": [
        "core-operation",
        "https://ofn.gov.cz/slovník/psm/DeleteClass"
      ],
      "iri": "https://ofn.gov.cz/operation/1747685194297-de7b-135e-ae11",
      "parent": "https://ofn.gov.cz/operation/1747685194290-3246-1a82-a303",
      "dataPsmClass": "https://ofn.gov.cz/class/1747685100110-39c6-d182-95c2"
    },
    {
      "types": [
        "core-operation",
        "https://ofn.gov.cz/slovník/psm/CreateClassReference"
      ],
      "iri": "https://ofn.gov.cz/operation/1747685784867-83f2-e76e-b1ce",
      "parent": "https://ofn.gov.cz/operation/1747685194297-de7b-135e-ae11",
      "dataPsmNewIri": null,
      "dataPsmSpecification": "025aae80-178f-419f-8eac-a3281f3e4771",
      "dataPsmClass": "https://ofn.gov.cz/class/1747685065285-430a-9d52-9477"
    },
    {
      "types": [
        "core-operation",
        "https://ofn.gov.cz/slovník/psm/SetPart"
      ],
      "iri": "https://ofn.gov.cz/operation/1747685784907-4857-88ca-932c",
      "parent": "https://ofn.gov.cz/operation/1747685784867-83f2-e76e-b1ce",
      "dataPsmAssociationEnd": "https://ofn.gov.cz/association/1747685100066-6ea0-4cf2-8fae",
      "dataPsmPart": "https://ofn.gov.cz/class-reference/1747685784867-b006-b657-976a"
    },
    {
      "types": [
        "core-operation",
        "https://ofn.gov.cz/slovník/psm/CreateClassReference"
      ],
      "iri": "https://ofn.gov.cz/operation/1747686123430-0507-c8f9-a3ff",
      "parent": "https://ofn.gov.cz/operation/1747685784907-4857-88ca-932c",
      "dataPsmNewIri": null,
      "dataPsmSpecification": "c82768f3-8865-4e8a-8278-4b895c4f6ff4",
      "dataPsmClass": "https://ofn.gov.cz/or/1747684596892-b7b4-cb29-91bb"
    },
    {
      "types": [
        "core-operation",
        "https://ofn.gov.cz/slovník/psm/SetPart"
      ],
      "iri": "https://ofn.gov.cz/operation/1747686123477-93d7-fa6a-9ffa",
      "parent": "https://ofn.gov.cz/operation/1747686123430-0507-c8f9-a3ff",
      "dataPsmAssociationEnd": "https://ofn.gov.cz/association/1742234446802-6427-8fd0-93f5",
      "dataPsmPart": "https://ofn.gov.cz/class-reference/1747686123429-623a-f494-81af"
    },
    {
      "types": [
        "core-operation",
        "https://ofn.gov.cz/slovník/psm/SetDataType"
      ],
      "iri": "https://ofn.gov.cz/operation/1750713790377-1df6-68ea-a2e4",
      "parent": "https://ofn.gov.cz/operation/1747686123477-93d7-fa6a-9ffa",
      "dataPsmAttribute": "https://ofn.gov.cz/attribute/1743589974073-8b0c-e076-b0ef",
      "dataPsmDatatype": "http://www.w3.org/2001/XMLSchema#anyURI"
    },
    {
      "types": [
        "core-operation",
        "https://ofn.gov.cz/slovník/psm/extensions/xml/setNamespace"
      ],
      "iri": "https://ofn.gov.cz/operation/1753445874216-27e7-9de3-988d",
      "parent": "https://ofn.gov.cz/operation/1750713790377-1df6-68ea-a2e4",
      "dataPsmSchema": "59320987-85a2-42da-91e2-36d8774b3522",
      "namespace": "https://schema.ccmm.cz/resource",
      "namespacePrefix": "ccmm-resource"
    },
    {
      "types": [
        "core-operation",
        "https://ofn.gov.cz/slovník/psm/SetJsonEnforceContext"
      ],
      "iri": "https://ofn.gov.cz/operation/1753445874273-ea93-620e-8d5f",
      "parent": "https://ofn.gov.cz/operation/1753445874216-27e7-9de3-988d",
      "dataPsmEntity": "59320987-85a2-42da-91e2-36d8774b3522",
      "jsonEnforceContext": "no"
    },
    {
      "types": [
        "core-operation",
        "https://ofn.gov.cz/slovník/psm/extensions/xml/setNamespace"
      ],
      "iri": "https://ofn.gov.cz/operation/1754377879703-86da-8f68-88c3",
      "parent": "https://ofn.gov.cz/operation/1753445874273-ea93-620e-8d5f",
      "dataPsmSchema": "59320987-85a2-42da-91e2-36d8774b3522",
      "namespace": "https://schema.ccmm.cz/research-data/1.0.0",
      "namespacePrefix": "ccmm"
    },
    {
      "types": [
        "core-operation",
        "https://ofn.gov.cz/slovník/psm/extensions/xml/setNamespace"
      ],
      "iri": "https://ofn.gov.cz/operation/1754407659411-752f-8b3b-aaa6",
      "parent": "https://ofn.gov.cz/operation/1754377879703-86da-8f68-88c3",
      "dataPsmSchema": "59320987-85a2-42da-91e2-36d8774b3522",
      "namespace": "https://schema.ccmm.cz/research-data/1.0",
      "namespacePrefix": "ccmm"
    }
  ],
  "resources": {
    "59320987-85a2-42da-91e2-36d8774b3522": {
      "types": [
        "https://ofn.gov.cz/slovník/psm/Schema"
      ],
      "iri": "59320987-85a2-42da-91e2-36d8774b3522",
      "dataPsmHumanLabel": {
        "cs": "Resource",
        "en": "Resource"
      },
      "dataPsmHumanDescription": {
        "cs": "Datová struktura pro Resource. Resource represents any resource, physical or digital, that is related to the described dataset. ",
        "en": "Data structure for Resource. Resource represents any resource, physical or digital, that is related to the described dataset. "
      },
      "dataPsmTechnicalLabel": null,
      "dataPsmRoots": [
        "https://ofn.gov.cz/class/1742234428662-255b-ab44-995e"
      ],
      "dataPsmParts": [
        "https://ofn.gov.cz/class/1742234428662-255b-ab44-995e",
        "https://ofn.gov.cz/attribute/1742234446631-8535-4c65-b077",
        "https://ofn.gov.cz/association/1742234446726-908d-a496-850a",
        "https://ofn.gov.cz/association/1742234446802-6427-8fd0-93f5",
        "https://ofn.gov.cz/class-reference/1742338545373-0b8d-e13d-aa6b",
        "https://ofn.gov.cz/class-reference/1742338552371-47f2-6232-860e",
        "https://ofn.gov.cz/class-reference/1742338905679-5437-8987-b68d",
        "https://ofn.gov.cz/class-reference/1742339227758-78d9-da52-a0fb",
        "https://ofn.gov.cz/association/1743522091642-3152-d56e-b6d3",
        "https://ofn.gov.cz/class-reference/1743589918503-3e6d-e6f4-a635",
        "https://ofn.gov.cz/attribute/1743589974073-8b0c-e076-b0ef",
        "https://ofn.gov.cz/association/1747685100066-6ea0-4cf2-8fae",
        "https://ofn.gov.cz/association/1747685100150-8fd4-e410-9fe9",
        "https://ofn.gov.cz/class-reference/1747685147369-9248-71fa-9bc6",
        "https://ofn.gov.cz/class-reference/1747685194239-c8e8-c216-a77d",
        "https://ofn.gov.cz/class-reference/1747685784867-b006-b657-976a",
        "https://ofn.gov.cz/class-reference/1747686123429-623a-f494-81af"
      ],
      "extensions": {
        "https://ofn.gov.cz/slovník/psm/extensions/xml": {
          "namespace": "https://schema.ccmm.cz/research-data/1.0",
          "namespacePrefix": "ccmm"
        }
      },
      "jsonEnforceContext": "no"
    },
    "https://ofn.gov.cz/class/1742234428662-255b-ab44-995e": {
      "types": [
        "https://ofn.gov.cz/slovník/psm/Class"
      ],
      "iri": "https://ofn.gov.cz/class/1742234428662-255b-ab44-995e",
      "dataPsmHumanLabel": null,
      "dataPsmHumanDescription": null,
      "dataPsmTechnicalLabel": "resource",
      "dataPsmInterpretation": "pxybpkdil5lm7w19him",
      "dataPsmExtends": [],
      "dataPsmParts": [
        "https://ofn.gov.cz/attribute/1742234446631-8535-4c65-b077",
        "https://ofn.gov.cz/attribute/1743589974073-8b0c-e076-b0ef",
        "https://ofn.gov.cz/association/1742234446726-908d-a496-850a",
        "https://ofn.gov.cz/association/1742234446802-6427-8fd0-93f5",
        "https://ofn.gov.cz/association/1743522091642-3152-d56e-b6d3",
        "https://ofn.gov.cz/association/1747685100066-6ea0-4cf2-8fae",
        "https://ofn.gov.cz/association/1747685100150-8fd4-e410-9fe9"
      ],
      "dataPsmIsClosed": null
    },
    "https://ofn.gov.cz/attribute/1742234446631-8535-4c65-b077": {
      "types": [
        "https://ofn.gov.cz/slovník/psm/Attribute"
      ],
      "iri": "https://ofn.gov.cz/attribute/1742234446631-8535-4c65-b077",
      "dataPsmHumanLabel": null,
      "dataPsmHumanDescription": null,
      "dataPsmTechnicalLabel": "title",
      "dataPsmInterpretation": "y8q8sx1k6iqm7w3r862",
      "dataPsmDatatype": "http://www.w3.org/2001/XMLSchema#string"
    },
    "https://ofn.gov.cz/association/1742234446726-908d-a496-850a": {
      "types": [
        "https://ofn.gov.cz/slovník/psm/AssociationEnd"
      ],
      "iri": "https://ofn.gov.cz/association/1742234446726-908d-a496-850a",
      "dataPsmHumanLabel": null,
      "dataPsmHumanDescription": null,
      "dataPsmTechnicalLabel": "qualified_relation",
      "dataPsmInterpretation": "vfryag0fpq8m7w808t2",
      "dataPsmPart": "https://ofn.gov.cz/class-reference/1742339227758-78d9-da52-a0fb",
      "dataPsmIsReverse": false,
      "dataPsmIsDematerialize": null
    },
    "https://ofn.gov.cz/association/1742234446802-6427-8fd0-93f5": {
      "types": [
        "https://ofn.gov.cz/slovník/psm/AssociationEnd"
      ],
      "iri": "https://ofn.gov.cz/association/1742234446802-6427-8fd0-93f5",
      "dataPsmHumanLabel": null,
      "dataPsmHumanDescription": null,
      "dataPsmTechnicalLabel": "time_reference",
      "dataPsmInterpretation": "b30c5ypowwrm7w4vdjj",
      "dataPsmPart": "https://ofn.gov.cz/class-reference/1747686123429-623a-f494-81af",
      "dataPsmIsReverse": false,
      "dataPsmIsDematerialize": null
    },
    "https://ofn.gov.cz/class-reference/1742338545373-0b8d-e13d-aa6b": {
      "types": [
        "https://ofn.gov.cz/slovník/psm/ClassReference"
      ],
      "iri": "https://ofn.gov.cz/class-reference/1742338545373-0b8d-e13d-aa6b",
      "dataPsmSpecification": "edaeb96d-b03f-46fe-ba4e-b7065361fd5d",
      "dataPsmClass": "https://ofn.gov.cz/class/1742235557653-64a2-513a-97fe"
    },
    "https://ofn.gov.cz/class-reference/1742338552371-47f2-6232-860e": {
      "types": [
        "https://ofn.gov.cz/slovník/psm/ClassReference"
      ],
      "iri": "https://ofn.gov.cz/class-reference/1742338552371-47f2-6232-860e",
      "dataPsmSpecification": "c82768f3-8865-4e8a-8278-4b895c4f6ff4",
      "dataPsmClass": "https://ofn.gov.cz/class/1742235299937-b17d-6f34-926d"
    },
    "https://ofn.gov.cz/class-reference/1742338905679-5437-8987-b68d": {
      "types": [
        "https://ofn.gov.cz/slovník/psm/ClassReference"
      ],
      "iri": "https://ofn.gov.cz/class-reference/1742338905679-5437-8987-b68d",
      "dataPsmSpecification": "c82768f3-8865-4e8a-8278-4b895c4f6ff4",
      "dataPsmClass": "https://ofn.gov.cz/class/1742235299937-b17d-6f34-926d"
    },
    "https://ofn.gov.cz/class-reference/1742339227758-78d9-da52-a0fb": {
      "types": [
        "https://ofn.gov.cz/slovník/psm/ClassReference"
      ],
      "iri": "https://ofn.gov.cz/class-reference/1742339227758-78d9-da52-a0fb",
      "dataPsmSpecification": "edaeb96d-b03f-46fe-ba4e-b7065361fd5d",
      "dataPsmClass": "https://ofn.gov.cz/class/1742235557653-64a2-513a-97fe"
    },
    "https://ofn.gov.cz/association/1743522091642-3152-d56e-b6d3": {
      "types": [
        "https://ofn.gov.cz/slovník/psm/AssociationEnd"
      ],
      "iri": "https://ofn.gov.cz/association/1743522091642-3152-d56e-b6d3",
      "dataPsmHumanLabel": null,
      "dataPsmHumanDescription": null,
      "dataPsmTechnicalLabel": "identifier",
      "dataPsmInterpretation": "rrkv9n6v03m8oa35i6",
      "dataPsmPart": "https://ofn.gov.cz/class-reference/1743589918503-3e6d-e6f4-a635",
      "dataPsmIsReverse": false,
      "dataPsmIsDematerialize": null
    },
    "https://ofn.gov.cz/class-reference/1743589918503-3e6d-e6f4-a635": {
      "types": [
        "https://ofn.gov.cz/slovník/psm/ClassReference"
      ],
      "iri": "https://ofn.gov.cz/class-reference/1743589918503-3e6d-e6f4-a635",
      "dataPsmSpecification": "e4bb0f83-fd28-4b0b-8f74-6160a258796f",
      "dataPsmClass": "https://ofn.gov.cz/class/1742340169817-84a9-ded1-a656"
    },
    "https://ofn.gov.cz/attribute/1743589974073-8b0c-e076-b0ef": {
      "types": [
        "https://ofn.gov.cz/slovník/psm/Attribute"
      ],
      "iri": "https://ofn.gov.cz/attribute/1743589974073-8b0c-e076-b0ef",
      "dataPsmHumanLabel": null,
      "dataPsmHumanDescription": null,
      "dataPsmTechnicalLabel": "resource_url",
      "dataPsmInterpretation": "dttou9ndgvfm8zsa5cv",
      "dataPsmDatatype": "http://www.w3.org/2001/XMLSchema#anyURI"
    },
    "https://ofn.gov.cz/association/1747685100066-6ea0-4cf2-8fae": {
      "types": [
        "https://ofn.gov.cz/slovník/psm/AssociationEnd"
      ],
      "iri": "https://ofn.gov.cz/association/1747685100066-6ea0-4cf2-8fae",
      "dataPsmHumanLabel": null,
      "dataPsmHumanDescription": null,
      "dataPsmTechnicalLabel": "resource_type",
      "dataPsmInterpretation": "zhgf301fd3gmavegnx8",
      "dataPsmPart": "https://ofn.gov.cz/class-reference/1747685784867-b006-b657-976a",
      "dataPsmIsReverse": false,
      "dataPsmIsDematerialize": null
    },
    "https://ofn.gov.cz/association/1747685100150-8fd4-e410-9fe9": {
      "types": [
        "https://ofn.gov.cz/slovník/psm/AssociationEnd"
      ],
      "iri": "https://ofn.gov.cz/association/1747685100150-8fd4-e410-9fe9",
      "dataPsmHumanLabel": null,
      "dataPsmHumanDescription": null,
      "dataPsmTechnicalLabel": "resource_relation_type",
      "dataPsmInterpretation": "rc28it5ow3mavhkqyc",
      "dataPsmPart": "https://ofn.gov.cz/class-reference/1747685194239-c8e8-c216-a77d",
      "dataPsmIsReverse": false,
      "dataPsmIsDematerialize": null
    },
    "https://ofn.gov.cz/class-reference/1747685147369-9248-71fa-9bc6": {
      "types": [
        "https://ofn.gov.cz/slovník/psm/ClassReference"
      ],
      "iri": "https://ofn.gov.cz/class-reference/1747685147369-9248-71fa-9bc6",
      "dataPsmSpecification": "025aae80-178f-419f-8eac-a3281f3e4771",
      "dataPsmClass": "https://ofn.gov.cz/class/1747685065285-430a-9d52-9477"
    },
    "https://ofn.gov.cz/class-reference/1747685194239-c8e8-c216-a77d": {
      "types": [
        "https://ofn.gov.cz/slovník/psm/ClassReference"
      ],
      "iri": "https://ofn.gov.cz/class-reference/1747685194239-c8e8-c216-a77d",
      "dataPsmSpecification": "adb6cc6f-b5c9-406c-9c32-18b898718ed8",
      "dataPsmClass": "https://ofn.gov.cz/class/1747685037448-1c9b-f7fc-b4be"
    },
    "https://ofn.gov.cz/class-reference/1747685784867-b006-b657-976a": {
      "types": [
        "https://ofn.gov.cz/slovník/psm/ClassReference"
      ],
      "iri": "https://ofn.gov.cz/class-reference/1747685784867-b006-b657-976a",
      "dataPsmSpecification": "025aae80-178f-419f-8eac-a3281f3e4771",
      "dataPsmClass": "https://ofn.gov.cz/class/1747685065285-430a-9d52-9477"
    },
    "https://ofn.gov.cz/class-reference/1747686123429-623a-f494-81af": {
      "types": [
        "https://ofn.gov.cz/slovník/psm/ClassReference"
      ],
      "iri": "https://ofn.gov.cz/class-reference/1747686123429-623a-f494-81af",
      "dataPsmSpecification": "c82768f3-8865-4e8a-8278-4b895c4f6ff4",
      "dataPsmClass": "https://ofn.gov.cz/or/1747684596892-b7b4-cb29-91bb"
    }
  }
}