{
  "iri": "6bd745af-c5eb-4b89-8679-248e67f53ab7",
  "types": [
    "http://dataspecer.com/resources/v1/psm"
  ],
  "userMetadata": {
    "label": {
      "en": "Time instant",
      "cs": "Time instant"
    },
    "description": {
      "en": "Data structure for Time instant. A temporal entity with zero extent or duration.",
      "cs": "Datová struktura pro Time instant. A temporal entity with zero extent or duration."
    }
  },
  "metadata": {
    "creationDate": "2025-06-24T12:02:22.342Z",
    "modificationDate": "2025-08-05T16:02:10.290Z"
  },
  "_version": 1,
  "_exportVersion": 1,
  "_exportedAt": "2025-08-05T16:03:58.663Z",
  "_exportedBy": "http://localhost:3100"
}