{
  "iri": "795a389f-0b63-4654-a2ea-e09acb9e6b41",
  "types": [
    "http://dataspecer.com/resources/v1/psm"
  ],
  "userMetadata": {
    "label": {
      "en": "Language system",
      "cs": "Language system"
    },
    "description": {
      "en": "Data structure for Language system. A system of signs, symbols, sounds, gestures, or rules used in communication, e.g. a language.",
      "cs": "Datová struktura pro Language system. A system of signs, symbols, sounds, gestures, or rules used in communication, e.g. a language."
    }
  },
  "metadata": {
    "creationDate": "2025-06-24T12:02:21.091Z",
    "modificationDate": "2025-07-28T14:34:55.508Z"
  },
  "_version": 1,
  "_exportVersion": 1,
  "_exportedAt": "2025-07-28T15:12:03.901Z",
  "_exportedBy": "http://localhost:3100"
}