{
  "operations": [
    {
      "types": [
        "core-operation",
        "https://ofn.gov.cz/slovník/psm/CreateClass"
      ],
      "iri": "https://ofn.gov.cz/operation/1742235803801-90e2-9cf1-ab14",
      "parent": null,
      "dataPsmNewIri": null,
      "dataPsmInterpretation": "kzdl89bw9ym7xgj5sm",
      "dataPsmTechnicalLabel": "application_profile",
      "dataPsmHumanLabel": null,
      "dataPsmHumanDescription": null,
      "dataPsmExtends": [],
      "dataPsmIsClosed": null
    },
    {
      "types": [
        "core-operation",
        "https://ofn.gov.cz/slovník/psm/SetRoots"
      ],
      "iri": "https://ofn.gov.cz/operation/1742235803829-8c68-a761-8c23",
      "parent": "https://ofn.gov.cz/operation/1742235803801-90e2-9cf1-ab14",
      "dataPsmRoots": [
        "https://ofn.gov.cz/class/1742235803801-3bb0-3064-a2dc"
      ]
    },
    {
      "types": [
        "core-operation",
        "https://ofn.gov.cz/slovník/psm/SetHumanLabel"
      ],
      "iri": "https://ofn.gov.cz/operation/1742235803859-356e-48ca-b6cd",
      "parent": "https://ofn.gov.cz/operation/1742235803829-8c68-a761-8c23",
      "dataPsmResource": "c6aa0a4b-e116-4247-9c26-bb59ad90cb83",
      "dataPsmHumanLabel": {
        "cs": "Application profile",
        "en": "Application profile"
      }
    },
    {
      "types": [
        "core-operation",
        "https://ofn.gov.cz/slovník/psm/SetHumanDescription"
      ],
      "iri": "https://ofn.gov.cz/operation/1742235803886-a2e4-acf6-a28a",
      "parent": "https://ofn.gov.cz/operation/1742235803859-356e-48ca-b6cd",
      "dataPsmResource": "c6aa0a4b-e116-4247-9c26-bb59ad90cb83",
      "dataPsmHumanDescription": {
        "cs": "Datová struktura pro Application profile. A standard or other specification to which a metadata record conforms.",
        "en": "Data structure for Application profile. A standard or other specification to which a metadata record conforms."
      }
    },
    {
      "types": [
        "core-operation",
        "https://ofn.gov.cz/slovník/psm/CreateAttribute"
      ],
      "iri": "https://ofn.gov.cz/operation/1742339471390-2e48-24e3-9709",
      "parent": "https://ofn.gov.cz/operation/1742235803886-a2e4-acf6-a28a",
      "dataPsmNewIri": null,
      "dataPsmInterpretation": "rt6h8naakzm8f1pgfl",
      "dataPsmTechnicalLabel": "label",
      "dataPsmHumanLabel": null,
      "dataPsmHumanDescription": null,
      "dataPsmOwner": "https://ofn.gov.cz/class/1742235803801-3bb0-3064-a2dc",
      "dataPsmDatatype": "http://www.w3.org/1999/02/22-rdf-syntax-ns#langString"
    },
    {
      "types": [
        "core-operation",
        "https://ofn.gov.cz/slovník/psm/SetInstancesHaveIdentity"
      ],
      "iri": "https://ofn.gov.cz/operation/1750770139165-a2d2-1f9b-b410",
      "parent": "https://ofn.gov.cz/operation/1742339471390-2e48-24e3-9709",
      "dataPsmClass": "https://ofn.gov.cz/class/1742235803801-3bb0-3064-a2dc",
      "instancesHaveIdentity": "ALWAYS"
    }
  ],
  "resources": {
    "c6aa0a4b-e116-4247-9c26-bb59ad90cb83": {
      "types": [
        "https://ofn.gov.cz/slovník/psm/Schema"
      ],
      "iri": "c6aa0a4b-e116-4247-9c26-bb59ad90cb83",
      "dataPsmHumanLabel": {
        "cs": "Application profile",
        "en": "Application profile"
      },
      "dataPsmHumanDescription": {
        "cs": "Datová struktura pro Application profile. A standard or other specification to which a metadata record conforms.",
        "en": "Data structure for Application profile. A standard or other specification to which a metadata record conforms."
      },
      "dataPsmTechnicalLabel": null,
      "dataPsmRoots": [
        "https://ofn.gov.cz/class/1742235803801-3bb0-3064-a2dc"
      ],
      "dataPsmParts": [
        "https://ofn.gov.cz/class/1742235803801-3bb0-3064-a2dc",
        "https://ofn.gov.cz/attribute/1742339471390-57cb-8815-84ab"
      ]
    },
    "https://ofn.gov.cz/class/1742235803801-3bb0-3064-a2dc": {
      "types": [
        "https://ofn.gov.cz/slovník/psm/Class"
      ],
      "iri": "https://ofn.gov.cz/class/1742235803801-3bb0-3064-a2dc",
      "dataPsmHumanLabel": null,
      "dataPsmHumanDescription": null,
      "dataPsmTechnicalLabel": "application_profile",
      "dataPsmInterpretation": "kzdl89bw9ym7xgj5sm",
      "dataPsmExtends": [],
      "dataPsmParts": [
        "https://ofn.gov.cz/attribute/1742339471390-57cb-8815-84ab"
      ],
      "dataPsmIsClosed": null,
      "instancesHaveIdentity": "ALWAYS"
    },
    "https://ofn.gov.cz/attribute/1742339471390-57cb-8815-84ab": {
      "types": [
        "https://ofn.gov.cz/slovník/psm/Attribute"
      ],
      "iri": "https://ofn.gov.cz/attribute/1742339471390-57cb-8815-84ab",
      "dataPsmHumanLabel": null,
      "dataPsmHumanDescription": null,
      "dataPsmTechnicalLabel": "label",
      "dataPsmInterpretation": "rt6h8naakzm8f1pgfl",
      "dataPsmDatatype": "http://www.w3.org/1999/02/22-rdf-syntax-ns#langString"
    }
  }
}