{
  "iri": "c82768f3-8865-4e8a-8278-4b895c4f6ff4",
  "types": [
    "http://dataspecer.com/resources/v1/psm"
  ],
  "userMetadata": {
    "label": {
      "en": "Time reference",
      "cs": "Time reference"
    },
    "description": {
      "en": "Data structure for Time reference. A temporal interval or instant on which something relevant to the resource has happened.",
      "cs": "Datová struktura pro Time reference. A temporal interval or instant on which something relevant to the resource has happened."
    }
  },
  "metadata": {
    "creationDate": "2025-06-24T12:02:13.546Z",
    "modificationDate": "2025-08-05T16:02:07.858Z"
  },
  "_version": 1,
  "_exportVersion": 1,
  "_exportedAt": "2025-08-05T16:03:58.561Z",
  "_exportedBy": "http://localhost:3100"
}