{
  "iri": "ce434b23-3e88-46b8-9137-94968f74e722",
  "types": [
    "http://dataspecer.com/resources/v1/psm"
  ],
  "userMetadata": {
    "label": {
      "cs": "Funding reference",
      "en": "Funding reference"
    },
    "description": {
      "cs": "Datová struktura pro Funding reference. Information about financial support (funding) for the resource being registered.",
      "en": "Data structure for Funding reference. Information about financial support (funding) for the resource being registered."
    }
  },
  "metadata": {
    "creationDate": "2025-06-24T12:02:13.767Z",
    "modificationDate": "2025-07-25T13:34:30.885Z"
  },
  "_version": 1,
  "_exportVersion": 1,
  "_exportedAt": "2025-07-25T13:35:43.542Z",
  "_exportedBy": "http://localhost:3100"
}