{
  "iri": "f004e77b-b623-43f2-a560-aca1dcf8b661",
  "types": [
    "http://dataspecer.com/resources/v1/psm"
  ],
  "userMetadata": {
    "label": {
      "cs": "Alternate title",
      "en": "Alternate title"
    },
    "description": {
      "cs": "Datová struktura pro Alternate title. Alternate title f the resource",
      "en": "Data structure for Alternate title. Alternate title f the resource"
    }
  },
  "metadata": {
    "creationDate": "2025-06-24T12:02:17.668Z",
    "modificationDate": "2025-08-05T15:39:49.230Z"
  },
  "_version": 1,
  "_exportVersion": 1,
  "_exportedAt": "2025-08-05T15:40:36.888Z",
  "_exportedBy": "http://localhost:3100"
}