{
  "iri": "f641e42e-5364-4b11-a52e-eb18ae45d171",
  "types": [
    "http://dataspecer.com/resources/v1/psm"
  ],
  "userMetadata": {
    "label": {
      "cs": "Subject",
      "en": "Subject"
    },
    "description": {
      "cs": "Datová struktura pro Subject. Subject, keyword, classification code, or key phrase describing the resource.",
      "en": "Data structure for Subject. Subject, keyword, classification code, or key phrase describing the resource."
    }
  },
  "metadata": {
    "creationDate": "2025-06-24T12:02:16.535Z",
    "modificationDate": "2025-08-05T16:02:08.657Z"
  },
  "_version": 1,
  "_exportVersion": 1,
  "_exportedAt": "2025-08-05T16:03:58.596Z",
  "_exportedBy": "http://localhost:3100"
}