{
  "operations": [
    {
      "types": [
        "core-operation",
        "https://ofn.gov.cz/slovník/psm/CreateClass"
      ],
      "iri": "https://ofn.gov.cz/operation/1742338662847-c9e0-daae-9d08",
      "parent": null,
      "dataPsmNewIri": null,
      "dataPsmInterpretation": "2coeqes9w8fm7w108cs",
      "dataPsmTechnicalLabel": "subject",
      "dataPsmHumanLabel": null,
      "dataPsmHumanDescription": null,
      "dataPsmExtends": [],
      "dataPsmIsClosed": null
    },
    {
      "types": [
        "core-operation",
        "https://ofn.gov.cz/slovník/psm/SetRoots"
      ],
      "iri": "https://ofn.gov.cz/operation/1742338662872-8267-06fb-b771",
      "parent": "https://ofn.gov.cz/operation/1742338662847-c9e0-daae-9d08",
      "dataPsmRoots": [
        "https://ofn.gov.cz/class/1742338662847-61c1-8d4b-b552"
      ]
    },
    {
      "types": [
        "core-operation",
        "https://ofn.gov.cz/slovník/psm/SetHumanLabel"
      ],
      "iri": "https://ofn.gov.cz/operation/1742338662905-3764-f194-bf4e",
      "parent": "https://ofn.gov.cz/operation/1742338662872-8267-06fb-b771",
      "dataPsmResource": "f641e42e-5364-4b11-a52e-eb18ae45d171",
      "dataPsmHumanLabel": {
        "cs": "Subject",
        "en": "Subject"
      }
    },
    {
      "types": [
        "core-operation",
        "https://ofn.gov.cz/slovník/psm/SetHumanDescription"
      ],
      "iri": "https://ofn.gov.cz/operation/1742338662933-f78a-c873-bf42",
      "parent": "https://ofn.gov.cz/operation/1742338662905-3764-f194-bf4e",
      "dataPsmResource": "f641e42e-5364-4b11-a52e-eb18ae45d171",
      "dataPsmHumanDescription": {
        "cs": "Datová struktura pro Subject. Subject, keyword, classification code, or key phrase describing the resource.",
        "en": "Data structure for Subject. Subject, keyword, classification code, or key phrase describing the resource."
      }
    },
    {
      "types": [
        "core-operation",
        "https://ofn.gov.cz/slovník/psm/CreateAttribute"
      ],
      "iri": "https://ofn.gov.cz/operation/1742338670396-410d-293f-b665",
      "parent": "https://ofn.gov.cz/operation/1742338662933-f78a-c873-bf42",
      "dataPsmNewIri": null,
      "dataPsmInterpretation": "t9fly9gm77m7ypyou5",
      "dataPsmTechnicalLabel": "definition",
      "dataPsmHumanLabel": null,
      "dataPsmHumanDescription": null,
      "dataPsmOwner": "https://ofn.gov.cz/class/1742338662847-61c1-8d4b-b552",
      "dataPsmDatatype": "https://ofn.gov.cz/zdroj/základní-datové-typy/2020-07-01/text"
    },
    {
      "types": [
        "core-operation",
        "https://ofn.gov.cz/slovník/psm/CreateAttribute"
      ],
      "iri": "https://ofn.gov.cz/operation/1742338670437-3a8f-2818-9175",
      "parent": "https://ofn.gov.cz/operation/1742338670396-410d-293f-b665",
      "dataPsmNewIri": null,
      "dataPsmInterpretation": "pmk8ngrc1mjm7ypxnhp",
      "dataPsmTechnicalLabel": "title",
      "dataPsmHumanLabel": null,
      "dataPsmHumanDescription": null,
      "dataPsmOwner": "https://ofn.gov.cz/class/1742338662847-61c1-8d4b-b552",
      "dataPsmDatatype": "http://www.w3.org/1999/02/22-rdf-syntax-ns#langString"
    },
    {
      "types": [
        "core-operation",
        "https://ofn.gov.cz/slovník/psm/CreateAttribute"
      ],
      "iri": "https://ofn.gov.cz/operation/1742338670465-e5fc-cfc4-9744",
      "parent": "https://ofn.gov.cz/operation/1742338670437-3a8f-2818-9175",
      "dataPsmNewIri": null,
      "dataPsmInterpretation": "hpa5fd000i6m7ypvs4e",
      "dataPsmTechnicalLabel": "classification_code",
      "dataPsmHumanLabel": null,
      "dataPsmHumanDescription": null,
      "dataPsmOwner": "https://ofn.gov.cz/class/1742338662847-61c1-8d4b-b552",
      "dataPsmDatatype": "http://www.w3.org/2001/XMLSchema#string"
    },
    {
      "types": [
        "core-operation",
        "https://ofn.gov.cz/slovník/psm/CreateClass"
      ],
      "iri": "https://ofn.gov.cz/operation/1742338670496-0280-062b-8efb",
      "parent": "https://ofn.gov.cz/operation/1742338670465-e5fc-cfc4-9744",
      "dataPsmNewIri": null,
      "dataPsmInterpretation": "uhydoyedamfm7ypr1v1",
      "dataPsmTechnicalLabel": "subject_scheme",
      "dataPsmHumanLabel": null,
      "dataPsmHumanDescription": null,
      "dataPsmExtends": [],
      "dataPsmIsClosed": null
    },
    {
      "types": [
        "core-operation",
        "https://ofn.gov.cz/slovník/psm/CreateAssociationEnd"
      ],
      "iri": "https://ofn.gov.cz/operation/1742338670524-1b98-b841-98ca",
      "parent": "https://ofn.gov.cz/operation/1742338670496-0280-062b-8efb",
      "dataPsmNewIri": null,
      "dataPsmInterpretation": "rdig9yi5oom7ypsn9y",
      "dataPsmTechnicalLabel": "in_subject_scheme",
      "dataPsmHumanLabel": null,
      "dataPsmHumanDescription": null,
      "dataPsmOwner": "https://ofn.gov.cz/class/1742338662847-61c1-8d4b-b552",
      "dataPsmPart": "https://ofn.gov.cz/class/1742338670496-2dec-8136-9153",
      "dataPsmIsReverse": false,
      "dataPsmIsDematerialize": null
    },
    {
      "types": [
        "core-operation",
        "https://ofn.gov.cz/slovník/psm/CreateClassReference"
      ],
      "iri": "https://ofn.gov.cz/operation/1742338675732-68ee-1960-81eb",
      "parent": "https://ofn.gov.cz/operation/1742338670524-1b98-b841-98ca",
      "dataPsmNewIri": null,
      "dataPsmSpecification": "b10e107b-3c7b-4b64-8900-3d32873e7d1b",
      "dataPsmClass": "https://ofn.gov.cz/class/1742288726417-ccc4-1d84-8bc2"
    },
    {
      "types": [
        "core-operation",
        "https://ofn.gov.cz/slovník/psm/SetPart"
      ],
      "iri": "https://ofn.gov.cz/operation/1742338675759-2c6b-3abb-bde6",
      "parent": "https://ofn.gov.cz/operation/1742338675732-68ee-1960-81eb",
      "dataPsmAssociationEnd": "https://ofn.gov.cz/association/1742338670524-452b-c0e5-9e51",
      "dataPsmPart": "https://ofn.gov.cz/class-reference/1742338675732-4a6b-d473-8891"
    },
    {
      "types": [
        "core-operation",
        "https://ofn.gov.cz/slovník/psm/DeleteClass"
      ],
      "iri": "https://ofn.gov.cz/operation/1742338675765-1928-15e8-a72a",
      "parent": "https://ofn.gov.cz/operation/1742338675759-2c6b-3abb-bde6",
      "dataPsmClass": "https://ofn.gov.cz/class/1742338670496-2dec-8136-9153"
    },
    {
      "types": [
        "core-operation",
        "https://ofn.gov.cz/slovník/psm/CreateClassReference"
      ],
      "iri": "https://ofn.gov.cz/operation/1742339641229-f2cd-1e0a-8d9f",
      "parent": "https://ofn.gov.cz/operation/1742338675765-1928-15e8-a72a",
      "dataPsmNewIri": null,
      "dataPsmSpecification": "b10e107b-3c7b-4b64-8900-3d32873e7d1b",
      "dataPsmClass": "https://ofn.gov.cz/class/1742288726417-ccc4-1d84-8bc2"
    },
    {
      "types": [
        "core-operation",
        "https://ofn.gov.cz/slovník/psm/SetPart"
      ],
      "iri": "https://ofn.gov.cz/operation/1742339641262-7413-2afc-a38c",
      "parent": "https://ofn.gov.cz/operation/1742339641229-f2cd-1e0a-8d9f",
      "dataPsmAssociationEnd": "https://ofn.gov.cz/association/1742338670524-452b-c0e5-9e51",
      "dataPsmPart": "https://ofn.gov.cz/class-reference/1742339641228-1f97-dbd8-81c0"
    },
    {
      "types": [
        "core-operation",
        "https://ofn.gov.cz/slovník/psm/CreateClassReference"
      ],
      "iri": "https://ofn.gov.cz/operation/1742340970946-268f-2223-9f51",
      "parent": "https://ofn.gov.cz/operation/1742339641262-7413-2afc-a38c",
      "dataPsmNewIri": null,
      "dataPsmSpecification": "b10e107b-3c7b-4b64-8900-3d32873e7d1b",
      "dataPsmClass": "https://ofn.gov.cz/class/1742288726417-ccc4-1d84-8bc2"
    },
    {
      "types": [
        "core-operation",
        "https://ofn.gov.cz/slovník/psm/SetPart"
      ],
      "iri": "https://ofn.gov.cz/operation/1742340970946-6170-99f7-ae20",
      "parent": "https://ofn.gov.cz/operation/1742340970946-268f-2223-9f51",
      "dataPsmAssociationEnd": "https://ofn.gov.cz/association/1742338670524-452b-c0e5-9e51",
      "dataPsmPart": "https://ofn.gov.cz/class-reference/1742340970946-aab0-8c14-a707"
    },
    {
      "types": [
        "core-operation",
        "https://ofn.gov.cz/slovník/psm/SetTechnicalLabel"
      ],
      "iri": "https://ofn.gov.cz/operation/1743520586570-5cc3-e7dd-a1a7",
      "parent": "https://ofn.gov.cz/operation/1742340970946-6170-99f7-ae20",
      "dataPsmResource": "https://ofn.gov.cz/association/1742338670524-452b-c0e5-9e51",
      "dataPsmTechnicalLabel": "scheme"
    },
    {
      "types": [
        "core-operation",
        "https://ofn.gov.cz/slovník/psm/SetTechnicalLabel"
      ],
      "iri": "https://ofn.gov.cz/operation/1750748892387-f259-f19c-ab0f",
      "parent": "https://ofn.gov.cz/operation/1743520586570-5cc3-e7dd-a1a7",
      "dataPsmResource": "https://ofn.gov.cz/association/1742338670524-452b-c0e5-9e51",
      "dataPsmTechnicalLabel": "subject_scheme"
    },
    {
      "types": [
        "core-operation",
        "https://ofn.gov.cz/slovník/psm/extensions/xml/setNamespace"
      ],
      "iri": "https://ofn.gov.cz/operation/1753447729147-0392-08ba-a71e",
      "parent": "https://ofn.gov.cz/operation/1750748892387-f259-f19c-ab0f",
      "dataPsmSchema": "f641e42e-5364-4b11-a52e-eb18ae45d171",
      "namespace": "https://schema.ccmm.cz/subject",
      "namespacePrefix": "ccmm-subject"
    },
    {
      "types": [
        "core-operation",
        "https://ofn.gov.cz/slovník/psm/extensions/xml/setNamespace"
      ],
      "iri": "https://ofn.gov.cz/operation/1754378147189-5ba3-dd90-b349",
      "parent": "https://ofn.gov.cz/operation/1753447729147-0392-08ba-a71e",
      "dataPsmSchema": "f641e42e-5364-4b11-a52e-eb18ae45d171",
      "namespace": "https://schema.ccmm.cz/research-data/1.0.0",
      "namespacePrefix": "ccmm"
    },
    {
      "types": [
        "core-operation",
        "https://ofn.gov.cz/slovník/psm/SetJsonEnforceContext"
      ],
      "iri": "https://ofn.gov.cz/operation/1754378147287-cfa1-2ee5-a321",
      "parent": "https://ofn.gov.cz/operation/1754378147189-5ba3-dd90-b349",
      "dataPsmEntity": "f641e42e-5364-4b11-a52e-eb18ae45d171",
      "jsonEnforceContext": "no"
    },
    {
      "types": [
        "core-operation",
        "https://ofn.gov.cz/slovník/psm/extensions/xml/setNamespace"
      ],
      "iri": "https://ofn.gov.cz/operation/1754407974692-be94-8ff2-87f4",
      "parent": "https://ofn.gov.cz/operation/1754378147287-cfa1-2ee5-a321",
      "dataPsmSchema": "f641e42e-5364-4b11-a52e-eb18ae45d171",
      "namespace": "https://schema.ccmm.cz/research-data/1.0",
      "namespacePrefix": "ccmm"
    }
  ],
  "resources": {
    "f641e42e-5364-4b11-a52e-eb18ae45d171": {
      "types": [
        "https://ofn.gov.cz/slovník/psm/Schema"
      ],
      "iri": "f641e42e-5364-4b11-a52e-eb18ae45d171",
      "dataPsmHumanLabel": {
        "cs": "Subject",
        "en": "Subject"
      },
      "dataPsmHumanDescription": {
        "cs": "Datová struktura pro Subject. Subject, keyword, classification code, or key phrase describing the resource.",
        "en": "Data structure for Subject. Subject, keyword, classification code, or key phrase describing the resource."
      },
      "dataPsmTechnicalLabel": null,
      "dataPsmRoots": [
        "https://ofn.gov.cz/class/1742338662847-61c1-8d4b-b552"
      ],
      "dataPsmParts": [
        "https://ofn.gov.cz/class/1742338662847-61c1-8d4b-b552",
        "https://ofn.gov.cz/attribute/1742338670396-2752-bf4e-bcd5",
        "https://ofn.gov.cz/attribute/1742338670437-ca05-e518-8bdf",
        "https://ofn.gov.cz/attribute/1742338670464-3fc4-30f1-a885",
        "https://ofn.gov.cz/association/1742338670524-452b-c0e5-9e51",
        "https://ofn.gov.cz/class-reference/1742338675732-4a6b-d473-8891",
        "https://ofn.gov.cz/class-reference/1742339641228-1f97-dbd8-81c0",
        "https://ofn.gov.cz/class-reference/1742340970946-aab0-8c14-a707"
      ],
      "extensions": {
        "https://ofn.gov.cz/slovník/psm/extensions/xml": {
          "namespace": "https://schema.ccmm.cz/research-data/1.0",
          "namespacePrefix": "ccmm"
        }
      },
      "jsonEnforceContext": "no"
    },
    "https://ofn.gov.cz/class/1742338662847-61c1-8d4b-b552": {
      "types": [
        "https://ofn.gov.cz/slovník/psm/Class"
      ],
      "iri": "https://ofn.gov.cz/class/1742338662847-61c1-8d4b-b552",
      "dataPsmHumanLabel": null,
      "dataPsmHumanDescription": null,
      "dataPsmTechnicalLabel": "subject",
      "dataPsmInterpretation": "2coeqes9w8fm7w108cs",
      "dataPsmExtends": [],
      "dataPsmParts": [
        "https://ofn.gov.cz/attribute/1742338670396-2752-bf4e-bcd5",
        "https://ofn.gov.cz/attribute/1742338670437-ca05-e518-8bdf",
        "https://ofn.gov.cz/attribute/1742338670464-3fc4-30f1-a885",
        "https://ofn.gov.cz/association/1742338670524-452b-c0e5-9e51"
      ],
      "dataPsmIsClosed": null
    },
    "https://ofn.gov.cz/attribute/1742338670396-2752-bf4e-bcd5": {
      "types": [
        "https://ofn.gov.cz/slovník/psm/Attribute"
      ],
      "iri": "https://ofn.gov.cz/attribute/1742338670396-2752-bf4e-bcd5",
      "dataPsmHumanLabel": null,
      "dataPsmHumanDescription": null,
      "dataPsmTechnicalLabel": "definition",
      "dataPsmInterpretation": "t9fly9gm77m7ypyou5",
      "dataPsmDatatype": "https://ofn.gov.cz/zdroj/základní-datové-typy/2020-07-01/text"
    },
    "https://ofn.gov.cz/attribute/1742338670437-ca05-e518-8bdf": {
      "types": [
        "https://ofn.gov.cz/slovník/psm/Attribute"
      ],
      "iri": "https://ofn.gov.cz/attribute/1742338670437-ca05-e518-8bdf",
      "dataPsmHumanLabel": null,
      "dataPsmHumanDescription": null,
      "dataPsmTechnicalLabel": "title",
      "dataPsmInterpretation": "pmk8ngrc1mjm7ypxnhp",
      "dataPsmDatatype": "http://www.w3.org/1999/02/22-rdf-syntax-ns#langString"
    },
    "https://ofn.gov.cz/attribute/1742338670464-3fc4-30f1-a885": {
      "types": [
        "https://ofn.gov.cz/slovník/psm/Attribute"
      ],
      "iri": "https://ofn.gov.cz/attribute/1742338670464-3fc4-30f1-a885",
      "dataPsmHumanLabel": null,
      "dataPsmHumanDescription": null,
      "dataPsmTechnicalLabel": "classification_code",
      "dataPsmInterpretation": "hpa5fd000i6m7ypvs4e",
      "dataPsmDatatype": "http://www.w3.org/2001/XMLSchema#string"
    },
    "https://ofn.gov.cz/association/1742338670524-452b-c0e5-9e51": {
      "types": [
        "https://ofn.gov.cz/slovník/psm/AssociationEnd"
      ],
      "iri": "https://ofn.gov.cz/association/1742338670524-452b-c0e5-9e51",
      "dataPsmHumanLabel": null,
      "dataPsmHumanDescription": null,
      "dataPsmTechnicalLabel": "subject_scheme",
      "dataPsmInterpretation": "rdig9yi5oom7ypsn9y",
      "dataPsmPart": "https://ofn.gov.cz/class-reference/1742340970946-aab0-8c14-a707",
      "dataPsmIsReverse": false,
      "dataPsmIsDematerialize": null
    },
    "https://ofn.gov.cz/class-reference/1742338675732-4a6b-d473-8891": {
      "types": [
        "https://ofn.gov.cz/slovník/psm/ClassReference"
      ],
      "iri": "https://ofn.gov.cz/class-reference/1742338675732-4a6b-d473-8891",
      "dataPsmSpecification": "b10e107b-3c7b-4b64-8900-3d32873e7d1b",
      "dataPsmClass": "https://ofn.gov.cz/class/1742288726417-ccc4-1d84-8bc2"
    },
    "https://ofn.gov.cz/class-reference/1742339641228-1f97-dbd8-81c0": {
      "types": [
        "https://ofn.gov.cz/slovník/psm/ClassReference"
      ],
      "iri": "https://ofn.gov.cz/class-reference/1742339641228-1f97-dbd8-81c0",
      "dataPsmSpecification": "b10e107b-3c7b-4b64-8900-3d32873e7d1b",
      "dataPsmClass": "https://ofn.gov.cz/class/1742288726417-ccc4-1d84-8bc2"
    },
    "https://ofn.gov.cz/class-reference/1742340970946-aab0-8c14-a707": {
      "types": [
        "https://ofn.gov.cz/slovník/psm/ClassReference"
      ],
      "iri": "https://ofn.gov.cz/class-reference/1742340970946-aab0-8c14-a707",
      "dataPsmSpecification": "b10e107b-3c7b-4b64-8900-3d32873e7d1b",
      "dataPsmClass": "https://ofn.gov.cz/class/1742288726417-ccc4-1d84-8bc2"
    }
  }
}