{
  "operations": [
    {
      "types": [
        "core-operation",
        "https://ofn.gov.cz/slovník/psm/CreateClass"
      ],
      "iri": "https://ofn.gov.cz/operation/1742339809762-53e2-98e8-a42d",
      "parent": null,
      "dataPsmNewIri": null,
      "dataPsmInterpretation": "8ng0ekeiz4rm7xhjyox",
      "dataPsmTechnicalLabel": "repository",
      "dataPsmHumanLabel": null,
      "dataPsmHumanDescription": null,
      "dataPsmExtends": [],
      "dataPsmIsClosed": null
    },
    {
      "types": [
        "core-operation",
        "https://ofn.gov.cz/slovník/psm/SetRoots"
      ],
      "iri": "https://ofn.gov.cz/operation/1742339809791-7628-bf88-9099",
      "parent": "https://ofn.gov.cz/operation/1742339809762-53e2-98e8-a42d",
      "dataPsmRoots": [
        "https://ofn.gov.cz/class/1742339809761-c64b-cd69-80de"
      ]
    },
    {
      "types": [
        "core-operation",
        "https://ofn.gov.cz/slovník/psm/SetHumanLabel"
      ],
      "iri": "https://ofn.gov.cz/operation/1742339809826-4f8f-22d7-a3c7",
      "parent": "https://ofn.gov.cz/operation/1742339809791-7628-bf88-9099",
      "dataPsmResource": "faa381aa-72a5-4318-a36c-dceb209db7ea",
      "dataPsmHumanLabel": {
        "cs": "Katalog",
        "en": "Repository"
      }
    },
    {
      "types": [
        "core-operation",
        "https://ofn.gov.cz/slovník/psm/SetHumanDescription"
      ],
      "iri": "https://ofn.gov.cz/operation/1742339809854-8f4a-3370-b8c1",
      "parent": "https://ofn.gov.cz/operation/1742339809826-4f8f-22d7-a3c7",
      "dataPsmResource": "faa381aa-72a5-4318-a36c-dceb209db7ea",
      "dataPsmHumanDescription": {
        "cs": "Datová struktura pro Katalog. Řízená kolekce metadat o datových sadách a datových službách",
        "en": "Data structure for Repository. A curated collection of metadata about resources."
      }
    },
    {
      "types": [
        "core-operation",
        "https://ofn.gov.cz/slovník/psm/CreateAttribute"
      ],
      "iri": "https://ofn.gov.cz/operation/1742339813597-c6d1-8653-a12a",
      "parent": "https://ofn.gov.cz/operation/1742339809854-8f4a-3370-b8c1",
      "dataPsmNewIri": null,
      "dataPsmInterpretation": "ymnmol13rem8f1ono6",
      "dataPsmTechnicalLabel": "label",
      "dataPsmHumanLabel": null,
      "dataPsmHumanDescription": null,
      "dataPsmOwner": "https://ofn.gov.cz/class/1742339809761-c64b-cd69-80de",
      "dataPsmDatatype": "http://www.w3.org/1999/02/22-rdf-syntax-ns#langString"
    },
    {
      "types": [
        "core-operation",
        "https://ofn.gov.cz/slovník/psm/SetInstancesHaveIdentity"
      ],
      "iri": "https://ofn.gov.cz/operation/1750770094475-41cf-96af-b9a8",
      "parent": "https://ofn.gov.cz/operation/1742339813597-c6d1-8653-a12a",
      "dataPsmClass": "https://ofn.gov.cz/class/1742339809761-c64b-cd69-80de",
      "instancesHaveIdentity": "ALWAYS"
    }
  ],
  "resources": {
    "faa381aa-72a5-4318-a36c-dceb209db7ea": {
      "types": [
        "https://ofn.gov.cz/slovník/psm/Schema"
      ],
      "iri": "faa381aa-72a5-4318-a36c-dceb209db7ea",
      "dataPsmHumanLabel": {
        "cs": "Katalog",
        "en": "Repository"
      },
      "dataPsmHumanDescription": {
        "cs": "Datová struktura pro Katalog. Řízená kolekce metadat o datových sadách a datových službách",
        "en": "Data structure for Repository. A curated collection of metadata about resources."
      },
      "dataPsmTechnicalLabel": null,
      "dataPsmRoots": [
        "https://ofn.gov.cz/class/1742339809761-c64b-cd69-80de"
      ],
      "dataPsmParts": [
        "https://ofn.gov.cz/class/1742339809761-c64b-cd69-80de",
        "https://ofn.gov.cz/attribute/1742339813596-b4eb-1f9d-ad64"
      ]
    },
    "https://ofn.gov.cz/class/1742339809761-c64b-cd69-80de": {
      "types": [
        "https://ofn.gov.cz/slovník/psm/Class"
      ],
      "iri": "https://ofn.gov.cz/class/1742339809761-c64b-cd69-80de",
      "dataPsmHumanLabel": null,
      "dataPsmHumanDescription": null,
      "dataPsmTechnicalLabel": "repository",
      "dataPsmInterpretation": "8ng0ekeiz4rm7xhjyox",
      "dataPsmExtends": [],
      "dataPsmParts": [
        "https://ofn.gov.cz/attribute/1742339813596-b4eb-1f9d-ad64"
      ],
      "dataPsmIsClosed": null,
      "instancesHaveIdentity": "ALWAYS"
    },
    "https://ofn.gov.cz/attribute/1742339813596-b4eb-1f9d-ad64": {
      "types": [
        "https://ofn.gov.cz/slovník/psm/Attribute"
      ],
      "iri": "https://ofn.gov.cz/attribute/1742339813596-b4eb-1f9d-ad64",
      "dataPsmHumanLabel": null,
      "dataPsmHumanDescription": null,
      "dataPsmTechnicalLabel": "label",
      "dataPsmInterpretation": "ymnmol13rem8f1ono6",
      "dataPsmDatatype": "http://www.w3.org/1999/02/22-rdf-syntax-ns#langString"
    }
  }
}