{
  "iri": "d54a372a-b13d-479f-b8d8-2ce4c9a06b25/6c88e100-c7d2-4009-81d3-2760026bbfa3/1af29a34-912b-4196-867a-c08ffb2e2c83",
  "types": [
    "https://dataspecer.com/core/model-descriptor/pim-store-wrapper"
  ],
  "userMetadata": {
    "documentBaseUrl": "https://semiceu.github.io/DCAT-AP/r5r/releases/3.0.0/voc/r5r.jsonld",
    "label": {
      "en": "r5r"
    }
  },
  "metadata": {
    "creationDate": "2025-06-24T12:02:28.067Z",
    "modificationDate": "2025-07-28T14:34:57.011Z"
  },
  "_version": 1,
  "_exportVersion": 1,
  "_exportedAt": "2025-07-28T15:12:03.941Z",
  "_exportedBy": "http://localhost:3100"
}