{
  "iri": "d54a372a-b13d-479f-b8d8-2ce4c9a06b25/aed00ebf-0ab1-493b-b747-f5e655f5e45c",
  "types": [
    "http://dataspecer.com/resources/local/package"
  ],
  "userMetadata": {
    "label": {
      "en": "Czech Core Metadata Vocabulary"
    },
    "description": {},
    "importedFromUrl": "https://techlib.github.io/CCMM-V/en/",
    "documentBaseUrl": "https://techlib.github.io/CCMM-V/en/"
  },
  "metadata": {
    "creationDate": "2025-07-17T08:09:55.303Z",
    "modificationDate": "2025-07-17T08:10:02.461Z"
  },
  "_version": 1,
  "_exportVersion": 1,
  "_exportedAt": "2025-07-17T08:12:52.747Z",
  "_exportedBy": "http://localhost:3100"
}