{
  "iri": "d54a372a-b13d-479f-b8d8-2ce4c9a06b25/aed00ebf-0ab1-493b-b747-f5e655f5e45c/09b0ea07-3843-468c-a15f-100291158506",
  "types": [
    "https://dataspecer.com/core/model-descriptor/pim-store-wrapper"
  ],
  "userMetadata": {
    "documentBaseUrl": "https://semiceu.github.io/DCAT-AP/r5r/releases/3.0.0/voc/r5r.jsonld",
    "label": {
      "en": "r5r"
    }
  },
  "metadata": {
    "creationDate": "2025-07-17T08:09:58.108Z",
    "modificationDate": "2025-07-17T08:09:58.246Z"
  },
  "_version": 1,
  "_exportVersion": 1,
  "_exportedAt": "2025-07-17T08:12:52.733Z",
  "_exportedBy": "http://localhost:3100"
}