{
  "iri": "d54a372a-b13d-479f-b8d8-2ce4c9a06b25/aed00ebf-0ab1-493b-b747-f5e655f5e45c/2daedcbd-5f4c-4cd4-a8be-531c9639dd60",
  "types": [
    "https://dataspecer.com/core/model-descriptor/pim-store-wrapper"
  ],
  "userMetadata": {
    "documentBaseUrl": "https://www.w3.org/ns/dcat3.ttl",
    "label": {
      "en": "dcat3"
    }
  },
  "metadata": {
    "creationDate": "2025-07-17T08:09:57.416Z",
    "modificationDate": "2025-07-17T08:09:57.732Z"
  },
  "_version": 1,
  "_exportVersion": 1,
  "_exportedAt": "2025-07-17T08:12:52.731Z",
  "_exportedBy": "http://localhost:3100"
}