{
  "iri": "d54a372a-b13d-479f-b8d8-2ce4c9a06b25/aed00ebf-0ab1-493b-b747-f5e655f5e45c/84b7755b-4abe-4885-b2e6-0d27be03c4ab",
  "types": [
    "https://dataspecer.com/core/model-descriptor/pim-store-wrapper"
  ],
  "userMetadata": {
    "documentBaseUrl": "https://michalmed.github.io/DataCite/en/model.owl.ttl",
    "label": {
      "en": "model"
    }
  },
  "metadata": {
    "creationDate": "2025-07-17T08:10:00.476Z",
    "modificationDate": "2025-07-17T08:10:00.672Z"
  },
  "_version": 1,
  "_exportVersion": 1,
  "_exportedAt": "2025-07-17T08:12:52.741Z",
  "_exportedBy": "http://localhost:3100"
}