{
  "iri": "d54a372a-b13d-479f-b8d8-2ce4c9a06b25/aed00ebf-0ab1-493b-b747-f5e655f5e45c/9a20174a-e407-4c82-a87c-2a209cfb13fa",
  "types": [
    "https://dataspecer.com/core/model-descriptor/pim-store-wrapper"
  ],
  "userMetadata": {
    "documentBaseUrl": "https://www.w3.org/ns/prov.ttl",
    "label": {
      "en": "prov"
    }
  },
  "metadata": {
    "creationDate": "2025-07-17T08:09:59.362Z",
    "modificationDate": "2025-07-17T08:09:59.922Z"
  },
  "_version": 1,
  "_exportVersion": 1,
  "_exportedAt": "2025-07-17T08:12:52.738Z",
  "_exportedBy": "http://localhost:3100"
}