{
  "iri": "d54a372a-b13d-479f-b8d8-2ce4c9a06b25/aed00ebf-0ab1-493b-b747-f5e655f5e45c/ae0c9a3d-f263-4f8b-814e-a480d9b0ec99",
  "types": [
    "https://dataspecer.com/core/model-descriptor/pim-store-wrapper"
  ],
  "userMetadata": {
    "documentBaseUrl": "https://www.w3.org/ns/legacy_adms",
    "label": {
      "en": "legacy_adms"
    }
  },
  "metadata": {
    "creationDate": "2025-07-17T08:10:00.931Z",
    "modificationDate": "2025-07-17T08:10:01.399Z"
  },
  "_version": 1,
  "_exportVersion": 1,
  "_exportedAt": "2025-07-17T08:12:52.744Z",
  "_exportedBy": "http://localhost:3100"
}