{
  "iri": "d54a372a-b13d-479f-b8d8-2ce4c9a06b25/aed00ebf-0ab1-493b-b747-f5e655f5e45c/cf52bf5b-ab7f-4e22-8643-b75e4298e3bf",
  "types": [
    "https://dataspecer.com/core/model-descriptor/pim-store-wrapper"
  ],
  "userMetadata": {
    "documentBaseUrl": "https://www.dublincore.org/specifications/dublin-core/dcmi-terms/dublin_core_terms.ttl",
    "label": {
      "en": "dublin_core_terms"
    }
  },
  "metadata": {
    "creationDate": "2025-07-17T08:09:58.468Z",
    "modificationDate": "2025-07-17T08:09:58.959Z"
  },
  "_version": 1,
  "_exportVersion": 1,
  "_exportedAt": "2025-07-17T08:12:52.734Z",
  "_exportedBy": "http://localhost:3100"
}