{
  "modelId": "d54a372a-b13d-479f-b8d8-2ce4c9a06b25/aed00ebf-0ab1-493b-b747-f5e655f5e45c/vocabulary",
  "modelAlias": "Czech Core Metadata Vocabulary",
  "entities": {
    "https://model.ccmm.cz/vocabulary/ccmm#phone": {
      "id": "https://model.ccmm.cz/vocabulary/ccmm#phone",
      "iri": null,
      "type": [
        "relationship"
      ],
      "name": {},
      "description": {},
      "ends": [
        {
          "cardinality": [
            0,
            null
          ],
          "name": {},
          "description": {},
          "concept": "https://model.ccmm.cz/vocabulary/ccmm#ContactDetails"
        },
        {
          "cardinality": [
            0,
            null
          ],
          "name": {
            "en": "Phone"
          },
          "description": {
            "en": "Phone number"
          },
          "concept": "http://www.w3.org/2000/01/rdf-schema#Literal",
          "iri": "phone"
        }
      ]
    },
    "https://model.ccmm.cz/vocabulary/ccmm#dataBox": {
      "id": "https://model.ccmm.cz/vocabulary/ccmm#dataBox",
      "iri": null,
      "type": [
        "relationship"
      ],
      "name": {},
      "description": {},
      "ends": [
        {
          "cardinality": [
            0,
            null
          ],
          "name": {},
          "description": {},
          "concept": "https://model.ccmm.cz/vocabulary/ccmm#ContactDetails"
        },
        {
          "cardinality": [
            0,
            null
          ],
          "name": {
            "en": "Data box"
          },
          "description": {
            "en": "Data box code"
          },
          "concept": "http://www.w3.org/2000/01/rdf-schema#Literal",
          "iri": "dataBox"
        }
      ]
    },
    "https://model.ccmm.cz/vocabulary/ccmm#email": {
      "id": "https://model.ccmm.cz/vocabulary/ccmm#email",
      "iri": null,
      "type": [
        "relationship"
      ],
      "name": {},
      "description": {},
      "ends": [
        {
          "cardinality": [
            0,
            null
          ],
          "name": {},
          "description": {},
          "concept": "https://model.ccmm.cz/vocabulary/ccmm#ContactDetails"
        },
        {
          "cardinality": [
            0,
            null
          ],
          "name": {
            "en": "Email"
          },
          "description": {
            "en": "Email address"
          },
          "concept": "http://www.w3.org/2000/01/rdf-schema#Literal",
          "iri": "email"
        }
      ]
    },
    "https://model.ccmm.cz/vocabulary/ccmm#hasRelatedResource": {
      "id": "https://model.ccmm.cz/vocabulary/ccmm#hasRelatedResource",
      "iri": null,
      "type": [
        "relationship"
      ],
      "name": {
        "en": "has related resource"
      },
      "description": {},
      "ends": [
        {
          "cardinality": null,
          "name": {},
          "description": {},
          "concept": "http://www.w3.org/ns/dcat#Dataset"
        },
        {
          "cardinality": [
            0,
            null
          ],
          "name": {
            "en": "has related resource"
          },
          "description": {},
          "concept": "http://www.w3.org/2000/01/rdf-schema#Resource",
          "iri": "hasRelatedResource"
        }
      ]
    },
    "https://model.ccmm.cz/vocabulary/ccmm#hasDistribution": {
      "id": "https://model.ccmm.cz/vocabulary/ccmm#hasDistribution",
      "iri": null,
      "type": [
        "relationship"
      ],
      "name": {
        "en": "has distribution"
      },
      "description": {},
      "ends": [
        {
          "cardinality": null,
          "name": {},
          "description": {},
          "concept": "http://www.w3.org/ns/dcat#Dataset"
        },
        {
          "cardinality": [
            0,
            null
          ],
          "name": {
            "en": "has distribution"
          },
          "description": {},
          "concept": "http://www.w3.org/ns/dcat#Distribution",
          "iri": "hasDistribution"
        }
      ]
    },
    "https://model.ccmm.cz/vocabulary/ccmm#hasValidationResult": {
      "id": "https://model.ccmm.cz/vocabulary/ccmm#hasValidationResult",
      "iri": null,
      "type": [
        "relationship"
      ],
      "name": {
        "en": "has validation result"
      },
      "description": {},
      "ends": [
        {
          "cardinality": null,
          "name": {},
          "description": {},
          "concept": "http://www.w3.org/ns/dcat#Dataset"
        },
        {
          "cardinality": [
            0,
            null
          ],
          "name": {
            "en": "has validation result"
          },
          "description": {},
          "concept": "https://model.ccmm.cz/vocabulary/ccmm#ValidationResult",
          "iri": "hasValidationResult"
        }
      ]
    },
    "https://model.ccmm.cz/vocabulary/ccmm#hasTimeReference": {
      "id": "https://model.ccmm.cz/vocabulary/ccmm#hasTimeReference",
      "iri": null,
      "type": [
        "relationship"
      ],
      "name": {
        "en": "has time reference"
      },
      "description": {},
      "ends": [
        {
          "cardinality": null,
          "name": {},
          "description": {},
          "concept": "http://www.w3.org/ns/dcat#Dataset"
        },
        {
          "cardinality": [
            0,
            null
          ],
          "name": {
            "en": "has time reference"
          },
          "description": {},
          "concept": "https://model.ccmm.cz/vocabulary/ccmm#TimeReference",
          "iri": "hasTimeReference"
        }
      ]
    },
    "https://model.ccmm.cz/vocabulary/ccmm#qualifiedRelation": {
      "id": "https://model.ccmm.cz/vocabulary/ccmm#qualifiedRelation",
      "iri": null,
      "type": [
        "relationship"
      ],
      "name": {
        "en": "qualified relation"
      },
      "description": {},
      "ends": [
        {
          "cardinality": null,
          "name": {},
          "description": {},
          "concept": "http://www.w3.org/2000/01/rdf-schema#Resource"
        },
        {
          "cardinality": [
            0,
            null
          ],
          "name": {
            "en": "qualified relation"
          },
          "description": {},
          "concept": "http://www.w3.org/ns/dcat#Relationship",
          "iri": "qualifiedRelation"
        }
      ]
    },
    "https://model.ccmm.cz/vocabulary/ccmm#relation": {
      "id": "https://model.ccmm.cz/vocabulary/ccmm#relation",
      "iri": null,
      "type": [
        "relationship"
      ],
      "name": {
        "en": "relation"
      },
      "description": {},
      "ends": [
        {
          "cardinality": null,
          "name": {},
          "description": {},
          "concept": "http://www.w3.org/ns/dcat#Relationship"
        },
        {
          "cardinality": [
            0,
            null
          ],
          "name": {
            "en": "relation"
          },
          "description": {},
          "concept": "http://purl.org/dc/terms/Agent",
          "iri": "relation"
        }
      ]
    },
    "https://model.ccmm.cz/vocabulary/ccmm#hasAffiliation": {
      "id": "https://model.ccmm.cz/vocabulary/ccmm#hasAffiliation",
      "iri": null,
      "type": [
        "relationship"
      ],
      "name": {
        "en": "has affiliation"
      },
      "description": {},
      "ends": [
        {
          "cardinality": null,
          "name": {},
          "description": {},
          "concept": "http://www.w3.org/ns/prov#Person"
        },
        {
          "cardinality": [
            0,
            null
          ],
          "name": {
            "en": "has affiliation"
          },
          "description": {},
          "concept": "http://www.w3.org/ns/prov#Organization",
          "iri": "hasAffiliation"
        }
      ]
    },
    "https://model.ccmm.cz/vocabulary/ccmm#originalRepository": {
      "id": "https://model.ccmm.cz/vocabulary/ccmm#originalRepository",
      "iri": null,
      "type": [
        "relationship"
      ],
      "name": {
        "en": "original repository"
      },
      "description": {
        "en": "Link to the repository from which the metadata were originally stored and curated."
      },
      "ends": [
        {
          "cardinality": null,
          "name": {},
          "description": {},
          "concept": "http://www.w3.org/ns/dcat#CatalogRecord"
        },
        {
          "cardinality": [
            0,
            null
          ],
          "name": {
            "en": "original repository"
          },
          "description": {
            "en": "Link to the repository from which the metadata were originally stored and curated."
          },
          "concept": "http://www.w3.org/ns/dcat#Catalog",
          "iri": "originalRepository"
        }
      ]
    },
    "https://model.ccmm.cz/vocabulary/ccmm#describes": {
      "id": "https://model.ccmm.cz/vocabulary/ccmm#describes",
      "iri": null,
      "type": [
        "relationship"
      ],
      "name": {
        "en": "describes"
      },
      "description": {
        "en": "Dataset described by the metadata record."
      },
      "ends": [
        {
          "cardinality": null,
          "name": {},
          "description": {},
          "concept": "http://www.w3.org/ns/dcat#CatalogRecord"
        },
        {
          "cardinality": [
            0,
            null
          ],
          "name": {
            "en": "describes"
          },
          "description": {
            "en": "Dataset described by the metadata record."
          },
          "concept": "http://www.w3.org/ns/dcat#Dataset",
          "iri": "describes"
        }
      ]
    },
    "https://model.ccmm.cz/vocabulary/ccmm#inSubjectScheme": {
      "id": "https://model.ccmm.cz/vocabulary/ccmm#inSubjectScheme",
      "iri": null,
      "type": [
        "relationship"
      ],
      "name": {
        "en": "in subject scheme"
      },
      "description": {},
      "ends": [
        {
          "cardinality": null,
          "name": {},
          "description": {},
          "concept": "https://model.ccmm.cz/vocabulary/datacite#Subject"
        },
        {
          "cardinality": [
            0,
            null
          ],
          "name": {
            "en": "in subject scheme"
          },
          "description": {},
          "concept": "https://model.ccmm.cz/vocabulary/ccmm#SubjectScheme",
          "iri": "inSubjectScheme"
        }
      ]
    },
    "https://model.ccmm.cz/vocabulary/ccmm#hasIdentifier": {
      "id": "https://model.ccmm.cz/vocabulary/ccmm#hasIdentifier",
      "iri": null,
      "type": [
        "relationship"
      ],
      "name": {
        "en": "has identifier"
      },
      "description": {
        "en": "has identifier"
      },
      "ends": [
        {
          "cardinality": null,
          "name": {},
          "description": {},
          "concept": "http://www.w3.org/2000/01/rdf-schema#Resource"
        },
        {
          "cardinality": [
            0,
            null
          ],
          "name": {
            "en": "has identifier"
          },
          "description": {
            "en": "has identifier"
          },
          "concept": "http://www.w3.org/ns/adms#Identifier",
          "iri": "hasIdentifier"
        }
      ]
    },
    "https://model.ccmm.cz/vocabulary/ccmm#isDescribedBy": {
      "id": "https://model.ccmm.cz/vocabulary/ccmm#isDescribedBy",
      "iri": null,
      "type": [
        "relationship"
      ],
      "name": {
        "en": "is described by"
      },
      "description": {
        "en": "Inverse relation between dataset and metadata record."
      },
      "ends": [
        {
          "cardinality": null,
          "name": {},
          "description": {},
          "concept": "http://www.w3.org/ns/dcat#Dataset"
        },
        {
          "cardinality": [
            0,
            null
          ],
          "name": {
            "en": "is described by"
          },
          "description": {
            "en": "Inverse relation between dataset and metadata record."
          },
          "concept": "http://www.w3.org/ns/dcat#CatalogRecord",
          "iri": "isDescribedBy"
        }
      ]
    },
    "https://model.ccmm.cz/vocabulary/ccmm#hasAlternateTitle": {
      "id": "https://model.ccmm.cz/vocabulary/ccmm#hasAlternateTitle",
      "iri": null,
      "type": [
        "relationship"
      ],
      "name": {
        "en": "has alternate title"
      },
      "description": {},
      "ends": [
        {
          "cardinality": null,
          "name": {},
          "description": {},
          "concept": "http://www.w3.org/ns/dcat#Dataset"
        },
        {
          "cardinality": [
            0,
            null
          ],
          "name": {
            "en": "has alternate title"
          },
          "description": {},
          "concept": "https://model.ccmm.cz/vocabulary/ccmm#AlternateTitle",
          "iri": "hasAlternateTitle"
        }
      ]
    },
    "https://model.ccmm.cz/vocabulary/ccmm#hasType": {
      "id": "https://model.ccmm.cz/vocabulary/ccmm#hasType",
      "iri": null,
      "type": [
        "relationship"
      ],
      "name": {
        "en": "has type"
      },
      "description": {
        "en": "Reference to the codelist value giving the specific type to the attribute."
      },
      "ends": [
        {
          "cardinality": null,
          "name": {},
          "description": {},
          "concept": "https://www.w3.org/2002/07/owl#Thing"
        },
        {
          "cardinality": [
            0,
            null
          ],
          "name": {
            "en": "has type"
          },
          "description": {
            "en": "Reference to the codelist value giving the specific type to the attribute."
          },
          "concept": "http://www.w3.org/2004/02/skos/core#Concept",
          "iri": "hasType"
        }
      ]
    },
    "https://model.ccmm.cz/vocabulary/ccmm#inScheme": {
      "id": "https://model.ccmm.cz/vocabulary/ccmm#inScheme",
      "iri": null,
      "type": [
        "relationship"
      ],
      "name": {
        "en": "in scheme"
      },
      "description": {
        "en": "Relation between the identifier and scheme in which it is defined and unique."
      },
      "ends": [
        {
          "cardinality": null,
          "name": {},
          "description": {},
          "concept": "http://www.w3.org/ns/adms#Identifier"
        },
        {
          "cardinality": [
            0,
            null
          ],
          "name": {
            "en": "in scheme"
          },
          "description": {
            "en": "Relation between the identifier and scheme in which it is defined and unique."
          },
          "concept": "https://model.ccmm.cz/vocabulary/ccmm#IdentifierScheme",
          "iri": "inScheme"
        }
      ]
    },
    "https://model.ccmm.cz/vocabulary/ccmm#resourceUrl": {
      "id": "https://model.ccmm.cz/vocabulary/ccmm#resourceUrl",
      "iri": null,
      "type": [
        "relationship"
      ],
      "name": {},
      "description": {},
      "ends": [
        {
          "cardinality": [
            0,
            null
          ],
          "name": {},
          "description": {},
          "concept": "http://www.w3.org/2000/01/rdf-schema#Resource"
        },
        {
          "cardinality": [
            0,
            null
          ],
          "name": {
            "en": "Resource URL"
          },
          "description": {
            "en": "Resolvable URL representing the resource, preferably human readable."
          },
          "concept": "http://www.w3.org/2001/XMLSchema#anyURI",
          "iri": "resourceUrl"
        }
      ]
    },
    "https://model.ccmm.cz/vocabulary/ccmm#fundingProgram": {
      "id": "https://model.ccmm.cz/vocabulary/ccmm#fundingProgram",
      "iri": null,
      "type": [
        "relationship"
      ],
      "name": {},
      "description": {},
      "ends": [
        {
          "cardinality": [
            0,
            null
          ],
          "name": {},
          "description": {},
          "concept": "https://model.ccmm.cz/vocabulary/datacite#FundingReference"
        },
        {
          "cardinality": [
            0,
            null
          ],
          "name": {
            "en": "Funding program"
          },
          "description": {
            "en": "Reference to the specific funding program."
          },
          "concept": "http://www.w3.org/2001/XMLSchema#anyURI",
          "iri": "fundingProgram"
        }
      ]
    },
    "https://model.ccmm.cz/vocabulary/ccmm#Distribution-DataService": {
      "id": "https://model.ccmm.cz/vocabulary/ccmm#Distribution-DataService",
      "iri": "Distribution-DataService",
      "name": {
        "en": "Distribution - data service"
      },
      "description": {
        "en": "Physical embodiment of the dataset as a particular data service. "
      },
      "type": [
        "class"
      ]
    },
    "https://dataspecer.com/semantic-models/generalizationfromIri=https%3A%2F%2Fmodel.ccmm.cz%2Fvocabulary%2Fccmm%23Distribution-DataService&toIri=http%3A%2F%2Fwww.w3.org%2Fns%2Fdcat%23Distribution": {
      "id": "https://dataspecer.com/semantic-models/generalizationfromIri=https%3A%2F%2Fmodel.ccmm.cz%2Fvocabulary%2Fccmm%23Distribution-DataService&toIri=http%3A%2F%2Fwww.w3.org%2Fns%2Fdcat%23Distribution",
      "iri": null,
      "type": [
        "generalization"
      ],
      "child": "https://model.ccmm.cz/vocabulary/ccmm#Distribution-DataService",
      "parent": "http://www.w3.org/ns/dcat#Distribution"
    },
    "https://dataspecer.com/semantic-models/generalizationfromIri=https%3A%2F%2Fmodel.ccmm.cz%2Fvocabulary%2Fccmm%23Distribution-DataService&toIri=http%3A%2F%2Fwww.w3.org%2F2002%2F07%2Fowl%23Thing": {
      "id": "https://dataspecer.com/semantic-models/generalizationfromIri=https%3A%2F%2Fmodel.ccmm.cz%2Fvocabulary%2Fccmm%23Distribution-DataService&toIri=http%3A%2F%2Fwww.w3.org%2F2002%2F07%2Fowl%23Thing",
      "iri": null,
      "type": [
        "generalization"
      ],
      "child": "https://model.ccmm.cz/vocabulary/ccmm#Distribution-DataService",
      "parent": "http://www.w3.org/2002/07/owl#Thing"
    },
    "https://model.ccmm.cz/vocabulary/ccmm#ContactDetails": {
      "id": "https://model.ccmm.cz/vocabulary/ccmm#ContactDetails",
      "iri": "ContactDetails",
      "name": {
        "en": "Contact details"
      },
      "description": {
        "en": "Contact details such as telephone, e-mail address etc."
      },
      "type": [
        "class"
      ]
    },
    "https://dataspecer.com/semantic-models/generalizationfromIri=https%3A%2F%2Fmodel.ccmm.cz%2Fvocabulary%2Fccmm%23ContactDetails&toIri=http%3A%2F%2Fwww.w3.org%2F2002%2F07%2Fowl%23Thing": {
      "id": "https://dataspecer.com/semantic-models/generalizationfromIri=https%3A%2F%2Fmodel.ccmm.cz%2Fvocabulary%2Fccmm%23ContactDetails&toIri=http%3A%2F%2Fwww.w3.org%2F2002%2F07%2Fowl%23Thing",
      "iri": null,
      "type": [
        "generalization"
      ],
      "child": "https://model.ccmm.cz/vocabulary/ccmm#ContactDetails",
      "parent": "http://www.w3.org/2002/07/owl#Thing"
    },
    "https://model.ccmm.cz/vocabulary/ccmm#TimeReference": {
      "id": "https://model.ccmm.cz/vocabulary/ccmm#TimeReference",
      "iri": "TimeReference",
      "name": {
        "en": "Time reference"
      },
      "description": {
        "en": "A date on which something relative to the resource has happened."
      },
      "type": [
        "class"
      ]
    },
    "https://dataspecer.com/semantic-models/generalizationfromIri=https%3A%2F%2Fmodel.ccmm.cz%2Fvocabulary%2Fccmm%23TimeReference&toIri=http%3A%2F%2Fwww.w3.org%2F2002%2F07%2Fowl%23Thing": {
      "id": "https://dataspecer.com/semantic-models/generalizationfromIri=https%3A%2F%2Fmodel.ccmm.cz%2Fvocabulary%2Fccmm%23TimeReference&toIri=http%3A%2F%2Fwww.w3.org%2F2002%2F07%2Fowl%23Thing",
      "iri": null,
      "type": [
        "generalization"
      ],
      "child": "https://model.ccmm.cz/vocabulary/ccmm#TimeReference",
      "parent": "http://www.w3.org/2002/07/owl#Thing"
    },
    "https://model.ccmm.cz/vocabulary/ccmm#AlternateTitle": {
      "id": "https://model.ccmm.cz/vocabulary/ccmm#AlternateTitle",
      "iri": "AlternateTitle",
      "name": {
        "en": "Alternate title"
      },
      "description": {
        "en": "Alternate title of the resource."
      },
      "type": [
        "class"
      ]
    },
    "https://dataspecer.com/semantic-models/generalizationfromIri=https%3A%2F%2Fmodel.ccmm.cz%2Fvocabulary%2Fccmm%23AlternateTitle&toIri=http%3A%2F%2Fwww.w3.org%2F2002%2F07%2Fowl%23Thing": {
      "id": "https://dataspecer.com/semantic-models/generalizationfromIri=https%3A%2F%2Fmodel.ccmm.cz%2Fvocabulary%2Fccmm%23AlternateTitle&toIri=http%3A%2F%2Fwww.w3.org%2F2002%2F07%2Fowl%23Thing",
      "iri": null,
      "type": [
        "generalization"
      ],
      "child": "https://model.ccmm.cz/vocabulary/ccmm#AlternateTitle",
      "parent": "http://www.w3.org/2002/07/owl#Thing"
    },
    "https://model.ccmm.cz/vocabulary/ccmm#Distribution-DownloadableFile": {
      "id": "https://model.ccmm.cz/vocabulary/ccmm#Distribution-DownloadableFile",
      "iri": "Distribution-DownloadableFile",
      "name": {
        "en": "Distribution - downloadable file"
      },
      "description": {
        "en": "Physical embodiment of the dataset in a particular format. "
      },
      "type": [
        "class"
      ]
    },
    "https://dataspecer.com/semantic-models/generalizationfromIri=https%3A%2F%2Fmodel.ccmm.cz%2Fvocabulary%2Fccmm%23Distribution-DownloadableFile&toIri=http%3A%2F%2Fwww.w3.org%2Fns%2Fdcat%23Distribution": {
      "id": "https://dataspecer.com/semantic-models/generalizationfromIri=https%3A%2F%2Fmodel.ccmm.cz%2Fvocabulary%2Fccmm%23Distribution-DownloadableFile&toIri=http%3A%2F%2Fwww.w3.org%2Fns%2Fdcat%23Distribution",
      "iri": null,
      "type": [
        "generalization"
      ],
      "child": "https://model.ccmm.cz/vocabulary/ccmm#Distribution-DownloadableFile",
      "parent": "http://www.w3.org/ns/dcat#Distribution"
    },
    "https://dataspecer.com/semantic-models/generalizationfromIri=https%3A%2F%2Fmodel.ccmm.cz%2Fvocabulary%2Fccmm%23Distribution-DownloadableFile&toIri=http%3A%2F%2Fwww.w3.org%2F2002%2F07%2Fowl%23Thing": {
      "id": "https://dataspecer.com/semantic-models/generalizationfromIri=https%3A%2F%2Fmodel.ccmm.cz%2Fvocabulary%2Fccmm%23Distribution-DownloadableFile&toIri=http%3A%2F%2Fwww.w3.org%2F2002%2F07%2Fowl%23Thing",
      "iri": null,
      "type": [
        "generalization"
      ],
      "child": "https://model.ccmm.cz/vocabulary/ccmm#Distribution-DownloadableFile",
      "parent": "http://www.w3.org/2002/07/owl#Thing"
    },
    "https://model.ccmm.cz/vocabulary/ccmm#ValidationResult": {
      "id": "https://model.ccmm.cz/vocabulary/ccmm#ValidationResult",
      "iri": "ValidationResult",
      "name": {
        "en": "Validation result"
      },
      "description": {
        "en": "Class describing the result of validation testing. It may include validation of metadata, data and/or web services accessing the data."
      },
      "type": [
        "class"
      ]
    },
    "https://dataspecer.com/semantic-models/generalizationfromIri=https%3A%2F%2Fmodel.ccmm.cz%2Fvocabulary%2Fccmm%23ValidationResult&toIri=http%3A%2F%2Fwww.w3.org%2F2002%2F07%2Fowl%23Thing": {
      "id": "https://dataspecer.com/semantic-models/generalizationfromIri=https%3A%2F%2Fmodel.ccmm.cz%2Fvocabulary%2Fccmm%23ValidationResult&toIri=http%3A%2F%2Fwww.w3.org%2F2002%2F07%2Fowl%23Thing",
      "iri": null,
      "type": [
        "generalization"
      ],
      "child": "https://model.ccmm.cz/vocabulary/ccmm#ValidationResult",
      "parent": "http://www.w3.org/2002/07/owl#Thing"
    },
    "https://model.ccmm.cz/vocabulary/ccmm#SubjectScheme": {
      "id": "https://model.ccmm.cz/vocabulary/ccmm#SubjectScheme",
      "iri": "SubjectScheme",
      "name": {
        "en": "Subject scheme"
      },
      "description": {
        "en": "Collection of subjects (keywords, concepts, classification codes) curated by a single source."
      },
      "type": [
        "class"
      ]
    },
    "https://dataspecer.com/semantic-models/generalizationfromIri=https%3A%2F%2Fmodel.ccmm.cz%2Fvocabulary%2Fccmm%23SubjectScheme&toIri=http%3A%2F%2Fwww.w3.org%2F2002%2F07%2Fowl%23Thing": {
      "id": "https://dataspecer.com/semantic-models/generalizationfromIri=https%3A%2F%2Fmodel.ccmm.cz%2Fvocabulary%2Fccmm%23SubjectScheme&toIri=http%3A%2F%2Fwww.w3.org%2F2002%2F07%2Fowl%23Thing",
      "iri": null,
      "type": [
        "generalization"
      ],
      "child": "https://model.ccmm.cz/vocabulary/ccmm#SubjectScheme",
      "parent": "http://www.w3.org/2002/07/owl#Thing"
    },
    "https://model.ccmm.cz/vocabulary/ccmm#IdentifierScheme": {
      "id": "https://model.ccmm.cz/vocabulary/ccmm#IdentifierScheme",
      "iri": "IdentifierScheme",
      "name": {
        "en": "Identifier scheme"
      },
      "description": {
        "en": "Scheme in which is the identifier value unique, usually representing some authority. Identifier scheme shall always be represented as IRI identifier."
      },
      "type": [
        "class"
      ]
    },
    "https://dataspecer.com/semantic-models/generalizationfromIri=https%3A%2F%2Fmodel.ccmm.cz%2Fvocabulary%2Fccmm%23IdentifierScheme&toIri=http%3A%2F%2Fwww.w3.org%2F2002%2F07%2Fowl%23Thing": {
      "id": "https://dataspecer.com/semantic-models/generalizationfromIri=https%3A%2F%2Fmodel.ccmm.cz%2Fvocabulary%2Fccmm%23IdentifierScheme&toIri=http%3A%2F%2Fwww.w3.org%2F2002%2F07%2Fowl%23Thing",
      "iri": null,
      "type": [
        "generalization"
      ],
      "child": "https://model.ccmm.cz/vocabulary/ccmm#IdentifierScheme",
      "parent": "http://www.w3.org/2002/07/owl#Thing"
    },
    "https://model.ccmm.cz/vocabulary/ccmm#ResourceToAgentRelationship": {
      "id": "https://model.ccmm.cz/vocabulary/ccmm#ResourceToAgentRelationship",
      "iri": "ResourceToAgentRelationship",
      "name": {
        "en": "Resource to agent relationship"
      },
      "description": {
        "en": "An association class for attaching additional information to a relationship between Dataset and Agent."
      },
      "type": [
        "class"
      ]
    },
    "https://dataspecer.com/semantic-models/generalizationfromIri=https%3A%2F%2Fmodel.ccmm.cz%2Fvocabulary%2Fccmm%23ResourceToAgentRelationship&toIri=http%3A%2F%2Fwww.w3.org%2Fns%2Fdcat%23Relationship": {
      "id": "https://dataspecer.com/semantic-models/generalizationfromIri=https%3A%2F%2Fmodel.ccmm.cz%2Fvocabulary%2Fccmm%23ResourceToAgentRelationship&toIri=http%3A%2F%2Fwww.w3.org%2Fns%2Fdcat%23Relationship",
      "iri": null,
      "type": [
        "generalization"
      ],
      "child": "https://model.ccmm.cz/vocabulary/ccmm#ResourceToAgentRelationship",
      "parent": "http://www.w3.org/ns/dcat#Relationship"
    },
    "https://dataspecer.com/semantic-models/generalizationfromIri=https%3A%2F%2Fmodel.ccmm.cz%2Fvocabulary%2Fccmm%23ResourceToAgentRelationship&toIri=http%3A%2F%2Fwww.w3.org%2F2002%2F07%2Fowl%23Thing": {
      "id": "https://dataspecer.com/semantic-models/generalizationfromIri=https%3A%2F%2Fmodel.ccmm.cz%2Fvocabulary%2Fccmm%23ResourceToAgentRelationship&toIri=http%3A%2F%2Fwww.w3.org%2F2002%2F07%2Fowl%23Thing",
      "iri": null,
      "type": [
        "generalization"
      ],
      "child": "https://model.ccmm.cz/vocabulary/ccmm#ResourceToAgentRelationship",
      "parent": "http://www.w3.org/2002/07/owl#Thing"
    }
  },
  "baseIri": "https://model.ccmm.cz/vocabulary/ccmm#"
}